row,note_id,onset_beat,measure,duration_beat,pitch_spelling,pitch_midi,cadence,cadence_confidence,localkey,localkey_confidence,tonkey,tonkey_confidence,quality,quality_confidence,inversion,inversion_confidence,root,root_confidence,bass,bass_confidence,degree1,degree1_confidence,degree2,degree2_confidence,hrythm,hrythm_confidence,pcset,pcset_confidence,romanNumeral,romanNumeral_confidence,section,section_confidence,phrase,phrase_confidence,organ_point,organ_point_confidence,tpc_in_label,tpc_in_label_confidence,tpc_is_root,tpc_is_root_confidence,tpc_is_bass,tpc_is_bass_confidence,downbeat,downbeat_confidence,note_degree,note_degree_confidence,staff,staff_confidence
0,p0n0,-1.0,1,0.5,B4,83,,0.926015,G,0.9367674,G,0.9059779,major triad,0.8883945,0,0.746613,G,0.86051196,G,0.60452443,1,0.8631068,None,0.8722396,True,0.6147974,"{2,7,11}",0.90477735,I,0.8745093,True,0.5298596,False,0.94774675,True,0.80029196,True,0.9359344,False,0.94122916,False,0.7315582,1,0.62163395,3,0.9266047,3,0.31783524
1,p0n2,-0.5,1,0.5,G4,79,,0.92519796,G,0.93920434,G,0.9401971,major triad,0.8870824,0,0.64391613,G,0.9205547,G,0.703386,1,0.90074205,None,0.89867324,False,0.9273647,"{2,7,11}",0.92255527,I,0.8901072,False,0.9504708,False,0.95107394,True,0.7774189,True,0.94638276,True,0.9018197,True,0.6402598,0,0.89304554,1,0.94612753,0,0.38527846
2,p0n4,0.0,2,1.0,G2,55,,0.91448694,G,0.93863153,G,0.9388294,major triad,0.88680327,0,0.75733924,G,0.9173882,G,0.7815467,1,0.9001163,None,0.89611375,False,0.5234321,"{2,7,11}",0.91753143,I,0.88555974,False,0.9472992,False,0.9429309,True,0.7731291,True,0.9417169,True,0.89731187,True,0.7013933,2,0.31390083,1,0.93787813,3,0.32436526
3,p0n3,0.0,2,1.0,B3,71,,0.9155798,G,0.93853414,G,0.9374138,major triad,0.88769794,0,0.76542133,G,0.9156864,G,0.7843471,1,0.90058327,None,0.8978595,False,0.5308674,"{2,7,11}",0.91637945,I,0.88316363,False,0.9474518,False,0.94394934,True,0.69482595,True,0.93096125,False,0.9574551,False,0.7583742,2,0.32690302,3,0.9416539,3,0.3821087
4,p0n6,1.0,2,1.0,A2,57,,0.9162706,G,0.93000406,G,0.90540326,minor triad,0.27519402,0,0.5276035,A,0.31088865,A,0.5510766,5,0.2943485,None,0.8474123,True,0.7472859,"{0,4,9}",0.22690834,viio,0.22533013,False,0.9484499,False,0.94585943,True,0.74171066,True,0.8004142,False,0.6367774,True,0.5671925,2,0.3635437,2,0.6454404,3,0.5481502
5,p0n5,1.0,2,1.0,C4,72,,0.9174801,G,0.9325582,G,0.90976584,minor triad,0.26189476,0,0.529769,A,0.30953884,A,0.5623652,5,0.283711,None,0.8602298,True,0.75786984,"{0,4,9}",0.22439979,viio,0.22538863,False,0.9482414,False,0.94721305,True,0.6514846,True,0.77474886,False,0.9163216,False,0.8607772,2,0.3655958,4,0.78455824,3,0.5030035
6,p0n8,2.0,2,1.0,B2,59,,0.91899866,G,0.9365819,G,0.93291724,major triad,0.8959613,1,0.79640967,G,0.9132906,B,0.85574454,1,0.88248557,None,0.8930231,True,0.84746444,"{2,7,11}",0.9252818,I,0.8893914,False,0.945187,False,0.9342605,True,0.63904136,True,0.9392908,False,0.9571198,True,0.8431266,1,0.6727995,3,0.95703334,3,0.4009225
7,p0n7,2.0,2,1.0,D4,74,,0.9182787,G,0.9369654,G,0.9337426,major triad,0.8976143,1,0.80086935,G,0.91339314,B,0.8619759,1,0.88596433,None,0.8951982,True,0.8477505,"{2,7,11}",0.92402595,I,0.8965995,False,0.9444297,False,0.9336528,True,0.51803094,True,0.94095594,False,0.9241409,False,0.91708183,1,0.6745224,5,0.9458827,3,0.44388562
8,p0n10,3.0,3,1.0,B2,59,,0.92542917,G,0.9356977,G,0.9291321,major triad,0.86719483,1,0.7153698,G,0.8819593,B,0.8383306,1,0.8409541,None,0.8932228,True,0.5279439,"{2,7,11}",0.8996098,I,0.84222025,False,0.94794273,False,0.9472931,True,0.65667266,True,0.9173582,False,0.9420255,True,0.81557125,2,0.30707517,3,0.94623727,3,0.42956477
9,p0n9,3.0,3,1.0,D4,74,,0.9231294,G,0.93631864,G,0.93014854,major triad,0.8685952,1,0.7195537,G,0.88205653,B,0.84408957,1,0.84837085,None,0.8959345,True,0.52132654,"{2,7,11}",0.8964258,I,0.8538154,False,0.9468357,False,0.94559824,True,0.53046733,True,0.92713726,False,0.9149442,False,0.913083,2,0.29963186,5,0.9508553,3,0.47362262
10,p0n12,4.0,3,1.0,A2,57,,0.91613835,G,0.93595093,G,0.9230728,diminished triad,0.53802454,0,0.45258683,F#,0.37899432,A,0.60444516,7,0.5065043,None,0.88002944,True,0.845475,"{0,6,9}",0.49282345,viio,0.48186946,False,0.9488981,False,0.94697773,True,0.71904117,True,0.9038188,False,0.6098121,True,0.7696,2,0.349328,2,0.7524092,3,0.51765996
11,p0n11,4.0,3,1.0,C4,72,,0.9167631,G,0.9374284,G,0.9249786,diminished triad,0.5679906,0,0.46043748,F#,0.40193966,A,0.60878086,7,0.5280563,None,0.89613634,True,0.83694595,"{0,6,9}",0.51269734,viio,0.49659118,False,0.9487647,False,0.9473996,True,0.6651344,True,0.8492318,False,0.93160725,False,0.8854392,2,0.35213637,4,0.8311654,3,0.48879078
12,p0n13,5.0,3,0.5,A4,81,,0.91827023,G,0.9385566,G,0.9284365,dominant seventh chord,0.404921,1,0.39009303,D,0.5441538,A,0.47623786,5,0.58655584,None,0.9097295,False,0.5277582,"{0,2,6,9}",0.44954443,V7,0.3832751,False,0.9471185,False,0.94851065,True,0.580719,True,0.90157866,False,0.90981966,False,0.76430255,2,0.34413216,2,0.87308615,3,0.5239598
13,p0n15,5.5,3,0.5,F#4,78,,0.92509174,G,0.93876344,G,0.93380475,dominant seventh chord,0.5126143,1,0.57373285,D,0.68084687,F#,0.72802985,5,0.6801236,None,0.9214413,False,0.8981424,"{0,2,6,9}",0.56789654,V7,0.44986108,False,0.94943523,False,0.9500525,True,0.5558955,True,0.908134,False,0.8079674,True,0.7154787,0,0.8900105,7,0.91921204,3,0.4921549
14,p0n17,6.0,4,1.0,F#2,54,,0.9142038,G,0.93957084,G,0.93505555,diminished triad,0.3733348,1,0.6914501,D,0.63485736,F#,0.9368961,5,0.56359094,None,0.92199993,True,0.7850038,"{0,2,6,9}",0.33182466,viio,0.30942604,False,0.9460106,False,0.9412989,True,0.58292854,True,0.9293629,False,0.69682723,True,0.8875168,1,0.5501703,7,0.9382729,3,0.50348437
15,p0n16,6.0,4,1.0,A3,69,,0.91044194,G,0.93953496,G,0.935946,diminished triad,0.39062607,1,0.7008561,D,0.63547045,F#,0.9393053,5,0.54383075,None,0.924203,True,0.78411794,"{0,2,6,9}",0.32618508,viio,0.3126746,False,0.94560677,False,0.94096386,True,0.5694981,True,0.9103021,False,0.94156003,False,0.9289779,1,0.54227656,2,0.8738064,3,0.4800522
16,p0n19,7.0,4,1.0,G2,55,,0.89539313,G,0.93678427,G,0.9441607,major triad,0.8919197,0,0.8852741,G,0.9128068,G,0.92293453,1,0.9028633,None,0.9014169,True,0.87363195,"{2,7,11}",0.9051754,I,0.8809979,False,0.9484143,False,0.91304356,True,0.8606824,True,0.9438321,True,0.9287696,True,0.89442384,3,0.3820112,1,0.9419199,0,0.3369057
17,p0n18,7.0,4,1.0,B3,71,,0.8920105,G,0.9368185,G,0.9429189,major triad,0.89287937,0,0.8768068,G,0.9121186,G,0.9251855,1,0.90319395,None,0.90327173,True,0.87774473,"{2,7,11}",0.90843403,I,0.8785004,False,0.9484084,False,0.91716164,True,0.8013963,True,0.94475114,False,0.9582368,False,0.89606017,3,0.3781168,3,0.95128727,2,0.32739836
18,p0n21,8.0,4,1.0,A2,57,,0.9165113,G,0.935493,G,0.92273575,diminished triad,0.42695552,0,0.6468161,A,0.5791834,A,0.8291438,7,0.44961926,None,0.87364024,True,0.9211863,"{0,4,9}",0.38162497,viio,0.38744596,False,0.94445693,False,0.9491796,True,0.8147155,True,0.9305736,True,0.70514715,True,0.8977212,1,0.7566354,2,0.86060095,3,0.45059595
19,p0n20,8.0,4,1.0,C4,72,,0.9166445,G,0.9364052,G,0.9220816,diminished triad,0.43994993,0,0.69583386,A,0.56984085,A,0.8238173,7,0.45791125,None,0.8843598,True,0.9257935,"{0,4,9}",0.3660275,viio,0.3895503,False,0.94438976,False,0.9498689,True,0.7382079,True,0.9071482,False,0.93946934,False,0.9238615,1,0.76813406,4,0.8312413,3,0.42192546
20,p0n23,9.0,5,1.0,A2,57,,0.92024136,G,0.93495417,G,0.9196901,diminished triad,0.36962178,0,0.6420135,F#,0.4321108,A,0.647839,7,0.44728678,None,0.8771645,False,0.5753326,"{0,6,9}",0.4454548,viio,0.3777288,False,0.9475924,False,0.95064765,True,0.7717438,True,0.899313,True,0.6695955,True,0.7638265,2,0.3891977,2,0.69820166,3,0.49472275
21,p0n22,9.0,5,1.0,C4,72,,0.92185354,G,0.93614626,G,0.91985697,diminished triad,0.38740027,0,0.6774411,F#,0.451105,A,0.6337,7,0.45039108,None,0.88777256,False,0.5736232,"{0,6,9}",0.45086992,viio,0.36966246,False,0.94783896,False,0.95085096,True,0.7536183,True,0.86346585,False,0.9316776,False,0.90857524,2,0.39173922,4,0.78287274,3,0.45804107
22,p0n25,10.0,5,1.0,G2,55,,0.8612396,G,0.9366666,G,0.93986267,major triad,0.90265185,0,0.90115076,G,0.90288305,G,0.9344971,1,0.8926417,None,0.8975519,True,0.9117509,"{2,7,11}",0.90111774,I,0.881544,False,0.9466504,False,0.8713007,True,0.8839873,True,0.94118005,True,0.93085784,True,0.9102559,3,0.36725098,1,0.92645603,0,0.3108275
23,p0n24,10.0,5,1.0,B3,71,,0.85696924,G,0.9363313,G,0.93922263,major triad,0.8993532,0,0.88922304,G,0.90208477,G,0.9359371,1,0.8914218,None,0.89967513,True,0.9088366,"{2,7,11}",0.9043396,I,0.8794204,False,0.9474764,False,0.8759821,True,0.84275043,True,0.94791585,False,0.961596,False,0.93701583,3,0.36711177,3,0.9593184,2,0.3177526
24,p0n26,11.0,5,0.5,B4,83,,0.917174,G,0.9374843,G,0.9358536,major triad,0.6629202,0,0.8106926,G,0.8490167,G,0.8799523,1,0.7582438,None,0.8880892,False,0.7140097,"{2,7,11}",0.7293136,I,0.6716061,False,0.9470684,False,0.94136894,True,0.81509113,True,0.8980727,False,0.93589246,False,0.871159,2,0.44206285,3,0.92534745,3,0.37026176
25,p0n28,11.5,5,0.5,G4,79,,0.92312527,G,0.93744904,G,0.9299358,minor triad,0.44708568,0,0.6646075,G,0.56408495,G,0.7652363,1,0.43382236,None,0.878278,False,0.9082652,"{4,7,11}",0.45089066,vi,0.37041938,False,0.94954216,False,0.94852984,True,0.84652513,True,0.91142833,True,0.7150061,True,0.7140515,0,0.8924317,1,0.8618866,0,0.37189567
26,p0n30,12.0,6,2.0,G2,55,,0.91561866,G,0.9315608,G,0.8813645,minor triad,0.8351477,1,0.7293663,E,0.83390844,G,0.8498769,6,0.79882556,None,0.8299135,True,0.8876522,"{4,7,11}",0.92353326,vi,0.815361,False,0.94875854,False,0.9340805,True,0.76582676,True,0.9390916,False,0.9416382,True,0.66151804,1,0.5806365,1,0.8386738,2,0.4287672
27,p0n29,12.0,6,1.0,E4,76,,0.9195116,G,0.93172336,G,0.87973905,minor triad,0.8360132,1,0.7709605,E,0.82918596,G,0.8512844,6,0.8016729,None,0.8206602,True,0.8865928,"{4,7,11}",0.92411655,vi,0.8071172,False,0.94917667,False,0.9356034,True,0.8661619,True,0.9094727,True,0.9149665,False,0.8449233,1,0.5614199,6,0.91117436,2,0.35097426
28,p0n31,13.0,6,0.5,G4,79,,0.92471707,G,0.92757636,G,0.799733,minor triad,0.8417727,1,0.72301215,E,0.7895204,G,0.8558241,6,0.71265846,None,0.7812563,False,0.760347,"{4,7,11}",0.9089623,vi,0.74131244,False,0.95021284,False,0.94892126,True,0.749451,True,0.93524414,False,0.9330537,True,0.63869697,2,0.40249005,1,0.8136544,2,0.3173608
29,p0n32,13.5,6,0.5,E4,76,,0.92706215,G,0.92433476,G,0.64040446,minor triad,0.81462884,1,0.71803707,E,0.69385,G,0.84766316,6,0.5326535,None,0.7121714,False,0.91390234,"{4,7,11}",0.8835104,vi,0.5900491,False,0.9513243,False,0.94922984,True,0.84435534,True,0.83927697,True,0.77271557,False,0.8420804,0,0.89365137,6,0.78376156,0,0.30815145
30,p0n34,14.0,6,1.0,E2,52,,0.9193962,G,0.9253696,D,0.77261764,diminished triad,0.6652187,1,0.60936475,C#,0.5694595,E,0.41052574,7,0.60225683,5,0.87512994,True,0.8653868,"{1,4,7}",0.5873185,viio,0.5669063,False,0.94711137,False,0.93489456,False,0.50743234,True,0.9170207,False,0.926804,False,0.54630816,1,0.61979467,6,0.5737305,3,0.49633315
31,p0n33,14.0,6,1.0,C#4,73,,0.924125,G,0.92524225,D,0.7811525,diminished triad,0.65933347,1,0.6611019,C#,0.57531184,E,0.40202,7,0.6062452,5,0.87610817,True,0.8724537,"{1,4,7}",0.5998742,viio,0.5772317,False,0.9479959,False,0.935026,True,0.72441584,True,0.877877,True,0.694906,False,0.70283264,1,0.63246566,#4,0.78476995,3,0.44750667
32,p0n36,15.0,7,1.0,C#2,49,,0.92949396,G,0.92521346,D,0.82912457,dominant seventh chord,0.5024739,1,0.47104797,A,0.8198272,C#,0.6723789,5,0.7536779,5,0.8889332,False,0.5425286,"{1,4,7,9}",0.5495046,V7,0.4067782,False,0.94883513,False,0.94689137,True,0.62671953,True,0.8968647,False,0.79504347,True,0.6352823,2,0.38801292,#4,0.8093276,3,0.58154744
33,p0n35,15.0,7,0.5,E4,76,,0.9243906,G,0.925553,D,0.8272947,dominant seventh chord,0.5017851,1,0.46878907,A,0.8171776,C#,0.67470276,5,0.7439886,5,0.8891268,False,0.5582013,"{1,4,7,9}",0.543288,V7,0.40821978,False,0.94822866,False,0.94719285,False,0.57319194,True,0.919047,False,0.9350239,False,0.9132887,2,0.3839097,6,0.44959557,3,0.5370959
34,p0n37,15.5,7,0.5,C#4,73,,0.93112296,G,0.92527866,D,0.8373396,dominant seventh chord,0.50621754,0,0.45710087,A,0.8826769,C#,0.546301,5,0.8456686,5,0.90644133,False,0.9158687,"{1,4,7,9}",0.52821594,V,0.43104503,False,0.9504887,False,0.95005,True,0.6153833,True,0.91207814,False,0.89656734,False,0.5150107,0,0.8917821,#4,0.80481154,3,0.5569022
35,p0n39,16.0,7,1.0,A1,45,,0.9230393,G,0.9236997,D,0.844661,dominant seventh chord,0.85854626,0,0.9096886,A,0.93254066,A,0.9450825,5,0.88408184,5,0.92448086,False,0.58858377,"{1,4,7,9}",0.87392956,V7,0.843505,False,0.94783276,False,0.9465131,True,0.67512596,True,0.94932467,True,0.9379005,True,0.8985527,3,0.40566126,2,0.7959651,3,0.5269494
36,p0n38,16.0,7,0.5,A3,69,,0.9208959,G,0.92373264,D,0.84186083,dominant seventh chord,0.8553629,0,0.9071526,A,0.9326543,A,0.94325787,5,0.8824782,5,0.9247696,False,0.5898472,"{1,4,7,9}",0.8750361,V7,0.8444204,False,0.947974,False,0.9462111,True,0.6730934,True,0.94653356,True,0.9367967,True,0.9025281,3,0.40683973,2,0.810877,3,0.51565933
37,p0n40,16.5,7,0.5,G3,67,,0.9295905,G,0.9228006,D,0.8485029,dominant seventh chord,0.87383044,0,0.90049016,A,0.9266954,A,0.93985003,5,0.89379716,5,0.9292036,False,0.9320464,"{1,4,7,9}",0.89441514,V7,0.8860778,False,0.95068395,False,0.95209444,False,0.5489654,True,0.9096751,False,0.94990593,False,0.9442019,0,0.8932912,1,0.6955945,0,0.4682577
38,p0n42,17.0,7,1.0,D2,50,,0.66872656,G,0.932637,G,0.90838957,major triad,0.88269454,0,0.9411691,D,0.91825634,D,0.9263932,5,0.9100985,None,0.907026,True,0.94236976,"{2,6,9}",0.88749903,V,0.89834815,False,0.94294465,False,0.6927618,True,0.82873213,True,0.9552552,True,0.95243573,True,0.94118315,1,0.7371888,5,0.9476326,3,0.432651
39,p0n41,17.0,7,1.0,F#3,66,,0.6336372,G,0.93263525,G,0.90834945,major triad,0.8838334,0,0.93682635,D,0.9184592,D,0.92718387,5,0.90704656,None,0.9118417,True,0.94270015,"{2,6,9}",0.8872899,V,0.9020287,False,0.9457991,False,0.67606354,True,0.8249985,True,0.95514375,False,0.96183133,False,0.951531,1,0.7309331,7,0.92475176,3,0.46165586
40,p0n44,18.0,8,1.0,G2,55,,0.7876235,G,0.9359343,G,0.9191031,major triad,0.90217996,0,0.9008402,G,0.8640271,G,0.8893892,1,0.8915888,None,0.89770347,True,0.9122551,"{2,7,11}",0.89829004,I,0.8732102,False,0.9459128,False,0.80060816,True,0.86343646,True,0.9465096,True,0.9283164,True,0.9179457,3,0.30526996,1,0.9291245,0,0.32314235
41,p0n43,18.0,8,0.33333334,B3,71,,0.8159047,G,0.9371711,G,0.91630536,major triad,0.9008523,0,0.8909607,G,0.8614683,G,0.89080316,1,0.88774747,None,0.89969945,True,0.90864354,"{2,7,11}",0.89994794,I,0.86595696,False,0.9472645,False,0.8225623,True,0.8348601,True,0.93696684,False,0.96223766,False,0.9451839,3,0.3129003,3,0.9502362,3,0.34250897
42,p0n45,18.333334,8,0.33333334,A3,69,,0.91950166,G,0.94041044,G,0.9253109,major triad,0.89601463,0,0.89685684,G,0.8630715,G,0.8912708,1,0.89738154,None,0.9005796,False,0.9423239,"{2,7,11}",0.9033097,I,0.8724191,False,0.9505126,False,0.9497883,True,0.6784158,False,0.9405463,False,0.9523782,False,0.9426809,0,0.8950108,2,0.5328903,3,0.34866318
43,p0n46,18.666666,8,0.33333334,G3,67,,0.9151482,G,0.9389498,G,0.91337705,major triad,0.89412165,0,0.878835,G,0.8293904,G,0.85693884,1,0.8654065,None,0.8929471,False,0.9256721,"{2,7,11}",0.88837695,I,0.8408137,False,0.950409,False,0.94772696,True,0.8864242,True,0.93589956,True,0.91459006,True,0.87652326,0,0.8934171,1,0.9252755,0,0.38704285
44,p0n48,19.0,8,1.0,A2,57,,0.88448054,G,0.932483,G,0.8416765,major triad,0.8675263,0,0.76760143,D,0.7332487,A,0.53201807,5,0.86966574,None,0.86728626,True,0.9023286,"{2,6,9}",0.88514906,V,0.7260933,False,0.9483009,False,0.9063551,True,0.74125785,True,0.93013763,False,0.51097584,True,0.5619904,2,0.38404393,2,0.86648476,3,0.5489396
45,p0n47,19.0,8,1.0,F#3,66,,0.890003,G,0.9322191,G,0.8442501,major triad,0.8649275,0,0.7647766,D,0.73387855,A,0.53387535,5,0.8677631,None,0.8715664,True,0.89680123,"{2,6,9}",0.89026433,V,0.743637,False,0.9480472,False,0.896081,True,0.812438,True,0.8331567,False,0.9467271,False,0.9177068,2,0.37931022,7,0.7997561,3,0.57211494
46,p0n50,20.0,8,1.0,A1,45,,0.84104955,G,0.91391295,D,0.54998505,major triad,0.8820661,0,0.924505,A,0.9004269,A,0.93108207,5,0.8167645,5,0.7920945,True,0.9024341,"{1,4,9}",0.81424993,V,0.85660964,False,0.94815767,False,0.8992778,True,0.8462154,True,0.94448364,True,0.9445148,True,0.9300545,3,0.40717927,2,0.62278855,3,0.5539906
47,p0n49,20.0,8,1.0,E3,64,,0.8324347,G,0.9141072,D,0.55224544,major triad,0.8848593,0,0.9208638,A,0.90281516,A,0.92968476,5,0.8137569,5,0.7742521,True,0.89501524,"{1,4,9}",0.8117679,V,0.8578424,False,0.9488918,False,0.9011618,True,0.74567264,True,0.94795644,False,0.9477202,False,0.9512376,3,0.38955998,6,0.4393949,3,0.59479076
48,p0n52,21.0,9,1.0,D2,50,HC,0.4019966,G,0.9207981,G,0.8477379,major triad,0.9003452,0,0.94186485,D,0.91804373,D,0.92483085,5,0.69482243,None,0.8522786,True,0.94962305,"{2,6,9}",0.8765958,V,0.60618407,False,0.9461822,True,0.8251166,True,0.83371013,True,0.9583628,True,0.9408119,True,0.94336957,1,0.848452,5,0.8627135,3,0.42263854
49,p0n51,21.0,9,2.0,D3,62,HC,0.39725336,G,0.9203444,G,0.8463864,major triad,0.89960223,0,0.9418344,D,0.9184238,D,0.9246276,5,0.6935756,None,0.8521222,True,0.94955647,"{2,6,9}",0.87480503,V,0.60259223,False,0.946376,True,0.8249166,True,0.8327501,True,0.9590393,True,0.9411334,True,0.94367635,1,0.84902626,5,0.86257946,3,0.42018232
50,p0n53,22.0,9,1.0,D1,38,,0.9022794,G,0.93184596,G,0.89502466,major triad,0.85596365,0,0.91691524,D,0.9228572,D,0.9271891,5,0.8610946,None,0.83174545,False,0.8610951,"{2,6,9}",0.865557,V,0.8254006,False,0.94565624,False,0.94702554,True,0.84081274,True,0.95532745,True,0.9377605,True,0.91767216,2,0.4404362,5,0.9300776,3,0.45876455
51,p0n54,23.0,10,0.5,D4,74,,0.91470087,G,0.9164715,G,0.6924813,major triad,0.46653712,0,0.58576167,G,0.32289958,D,0.54081917,5,0.3863533,None,0.5907389,True,0.6860345,"{2,7,11}",0.41706184,I,0.25105026,False,0.9336903,False,0.93350255,True,0.6228945,True,0.85466963,False,0.7898153,False,0.57652855,1,0.7490646,5,0.80091,3,0.43870103
52,p0n56,23.5,10,0.5,B3,71,,0.9205592,G,0.91100067,G,0.4327551,major triad,0.24627626,0,0.52234876,B,0.2756441,D,0.5628746,5,0.37692705,2,0.28951135,False,0.88227516,"{2,7,11}",0.1910204,V7,0.21617173,False,0.95045763,False,0.95108557,True,0.6687208,True,0.67942035,False,0.7297432,False,0.7865399,0,0.8879755,3,0.40087056,3,0.4104428
53,p0n58,24.0,11,1.0,E2,52,,0.8844106,G,0.8996157,A,0.6965278,major triad,0.56863785,0,0.89684844,E,0.9351492,E,0.9120805,5,0.8229911,2,0.89602,True,0.8786873,"{4,8,11}",0.4667259,V,0.5323899,False,0.9442636,False,0.90815425,True,0.8331644,True,0.9307827,True,0.8997402,True,0.89297336,1,0.60784084,6,0.5540827,3,0.37054434
54,p0n57,24.0,11,1.0,G#3,68,,0.8823881,G,0.9007437,A,0.6789835,major triad,0.56004924,0,0.8880214,E,0.93321997,E,0.91353995,5,0.8243347,2,0.89858335,True,0.8899375,"{4,8,11}",0.4771297,V,0.53340006,False,0.9455672,False,0.9033738,True,0.7837235,True,0.9477082,False,0.9345441,False,0.9432394,1,0.58911026,#1,0.36805096,3,0.3512208
55,p0n60,25.0,11,1.0,D3,62,,0.91420263,G,0.89879245,A,0.61447823,dominant seventh chord,0.46424478,0,0.69078326,E,0.7453006,E,0.6310127,5,0.5106785,2,0.7583107,True,0.6349932,"{2,4,8,11}",0.60955447,V7,0.37967503,False,0.9489896,False,0.9465546,True,0.59237885,True,0.73152554,False,0.9089955,False,0.89303005,3,0.35835084,5,0.1978305,0,0.33652768
56,p0n59,25.0,11,1.0,F4,77,,0.91804373,G,0.9042079,A,0.60823405,dominant seventh chord,0.47013894,0,0.6859079,E,0.7412199,E,0.63019496,5,0.52046394,2,0.7591995,True,0.6263235,"{2,4,8,11}",0.61070925,V7,0.38672557,False,0.94930345,False,0.94654965,True,0.59904873,True,0.56673354,False,0.9111957,False,0.89974695,2,0.35862896,1,0.23155214,0,0.36757293
57,p0n62,26.0,11,1.0,C3,60,,0.9189824,G,0.92097384,G,0.90253013,minor triad,0.7756905,1,0.55158067,A,0.57108283,C,0.8541202,2,0.52737576,None,0.8586084,True,0.8570688,"{0,4,9}",0.61145395,ii,0.5783172,False,0.9498717,False,0.9451093,True,0.78643507,True,0.9418624,True,0.5520712,True,0.8445388,3,0.33331913,4,0.8287127,2,0.37511006
58,p0n61,26.0,11,1.0,E4,76,,0.91588056,G,0.9197402,G,0.90029156,minor triad,0.78178334,1,0.5791028,A,0.5790339,C,0.8618459,2,0.5325919,None,0.8585582,True,0.84056944,"{0,4,9}",0.55968267,ii,0.56741303,False,0.9498967,False,0.94466585,True,0.7639068,True,0.93870795,False,0.9151492,False,0.9049933,3,0.3475425,6,0.92973197,2,0.4351689
59,p0n64,27.0,12,1.0,B2,59,,0.91905457,G,0.9199107,G,0.7349324,minor triad,0.28699425,0,0.5017018,B,0.31026334,B,0.8041444,5,0.22735494,None,0.6304885,True,0.8807007,"{4,7,11}",0.20204051,viio,0.23564675,False,0.9435302,False,0.936009,True,0.7466032,True,0.85161614,True,0.5325026,True,0.76118904,1,0.6886466,3,0.5590435,3,0.47608364
60,p0n63,27.0,12,1.0,D4,74,,0.9149856,G,0.9221831,G,0.7429587,diminished triad,0.28933325,0,0.51096267,B,0.30679277,B,0.8014821,5,0.22633949,None,0.6270259,True,0.88747656,"{4,7,11}",0.19928099,viio,0.23587936,False,0.9424876,False,0.9375985,False,0.502183,True,0.85832024,False,0.92752016,False,0.8876028,1,0.69129056,5,0.5778907,3,0.47603852
61,p0n66,28.0,12,1.0,A2,57,,0.9118879,G,0.92860204,G,0.90747637,minor triad,0.8395725,0,0.8484969,A,0.88394976,A,0.8859271,2,0.85142666,None,0.8590271,True,0.88216525,"{0,4,9}",0.87226635,ii,0.84823924,False,0.9485103,False,0.9417754,True,0.8405109,True,0.93779045,True,0.8976763,True,0.907305,3,0.40485942,2,0.92750883,3,0.57105356
62,p0n65,28.0,12,1.0,C4,72,,0.9168832,G,0.9311046,G,0.91162133,minor triad,0.84455043,0,0.85438794,A,0.88247275,A,0.88800776,2,0.8526428,None,0.867248,True,0.8729311,"{0,4,9}",0.8664942,ii,0.85059404,False,0.94876766,False,0.9438182,True,0.7933998,True,0.91933566,False,0.93087286,False,0.93142986,3,0.39197734,4,0.8140434,3,0.5020087
63,p0n68,29.0,12,0.5,A2,57,,0.9176679,G,0.9344335,G,0.91410387,diminished triad,0.40501323,0,0.5903416,F#,0.36001977,A,0.6373611,7,0.41940942,None,0.863648,False,0.6726571,"{0,6,9}",0.41921827,viio,0.37218127,False,0.94718355,False,0.9495575,True,0.77018344,True,0.9022796,False,0.54967165,True,0.6047064,2,0.3369012,2,0.8236363,3,0.53927827
64,p0n67,29.0,12,0.5,C4,72,,0.91963524,G,0.935466,G,0.916507,diminished triad,0.4212896,0,0.6167035,F#,0.36737788,A,0.6336888,7,0.43030486,None,0.8704275,False,0.67635524,"{0,6,9}",0.4309895,viio,0.37359926,False,0.94770294,False,0.94933414,True,0.7792187,True,0.8606384,False,0.9237878,False,0.8872271,2,0.33107767,4,0.79905415,3,0.51829547
65,p0n70,29.5,12,0.5,F#2,54,,0.92349213,G,0.93607646,G,0.9253848,diminished triad,0.48997986,0,0.61791486,D,0.5592119,F#,0.67200077,7,0.42595622,None,0.90075916,False,0.8659237,"{0,6,9}",0.29846627,viio,0.4213337,False,0.95039797,False,0.9490357,True,0.70262754,True,0.84668213,False,0.5576222,True,0.5527647,0,0.8892609,7,0.8950234,3,0.5464319
66,p0n69,29.5,12,0.5,A3,69,,0.92239594,G,0.93611115,G,0.9249828,diminished triad,0.49510175,0,0.6376297,D,0.5604528,F#,0.6654531,7,0.4305801,None,0.9028612,False,0.8754926,"{0,6,9}",0.30609566,viio,0.41574535,False,0.9498784,False,0.9493264,True,0.6813744,True,0.8726852,False,0.9269112,False,0.9004443,0,0.88916844,2,0.8146692,3,0.5337534
67,p0n72,30.0,13,1.0,D2,50,,0.878897,G,0.937298,G,0.92967004,major triad,0.6628603,0,0.91882133,D,0.9192657,D,0.93593276,5,0.90283906,None,0.92594206,True,0.6890243,"{2,6,9}",0.57953095,V,0.66590995,False,0.9476186,False,0.90129757,True,0.8370013,True,0.95103157,True,0.9397034,True,0.91868263,1,0.5051231,5,0.9574582,3,0.4600658
68,p0n71,30.0,13,1.0,F#3,66,,0.8605545,G,0.93756074,G,0.9292731,major triad,0.65623343,0,0.9122984,D,0.91955477,D,0.9361996,5,0.9031604,None,0.92619914,True,0.7050901,"{2,6,9}",0.57428205,V,0.6633362,False,0.9483059,False,0.8959642,True,0.825084,True,0.94260716,False,0.95939595,False,0.9508704,1,0.48634207,7,0.9549508,3,0.47101903
69,p0n74,31.0,13,1.0,C3,60,,0.9137515,G,0.9352795,G,0.9266338,major triad,0.66324735,0,0.7095215,D,0.6973679,D,0.56165034,5,0.4161134,None,0.8836745,True,0.67414457,"{2,6,9}",0.38758683,I,0.28873762,False,0.94918257,False,0.9356751,True,0.79192895,False,0.5159532,False,0.7617474,False,0.74639297,2,0.37678546,4,0.36788374,3,0.4065407
70,p0n73,31.0,13,1.0,E4,76,,0.91108745,G,0.9342806,G,0.92479193,major triad,0.68014544,0,0.7133925,D,0.6998587,D,0.56238556,5,0.4132749,None,0.8854446,True,0.6738781,"{2,6,9}",0.41204086,I,0.31174693,False,0.9489703,False,0.9337796,True,0.7914157,False,0.5684821,False,0.9050449,False,0.884805,2,0.3767037,6,0.32603627,3,0.53788453
71,p0n76,32.0,13,1.0,B2,59,,0.9219426,G,0.9335069,G,0.9249622,major triad,0.8175736,1,0.75126994,G,0.8330668,B,0.91845673,1,0.81313443,None,0.8843578,True,0.88946956,"{2,7,11}",0.88351786,I,0.79946023,False,0.9433605,False,0.928932,True,0.7179721,True,0.9338426,False,0.9203929,True,0.8797312,1,0.66271794,3,0.95041287,3,0.39408165
72,p0n75,32.0,13,1.0,D4,74,,0.9172503,G,0.9340364,G,0.92645323,major triad,0.82685333,1,0.75348735,G,0.83562565,B,0.92219007,1,0.82469463,None,0.8880262,True,0.89061934,"{2,7,11}",0.8801804,I,0.8176139,False,0.94236267,False,0.9296241,True,0.59081095,True,0.93556386,False,0.9303548,False,0.92280453,1,0.6622038,5,0.94202876,3,0.448125
73,p0n78,33.0,14,1.0,A2,57,,0.91613567,G,0.9333031,G,0.9259325,minor triad,0.45577964,0,0.6165923,A,0.5369067,A,0.75185966,2,0.43616572,None,0.8794758,True,0.8867303,"{0,4,9}",0.4162541,ii,0.4013532,False,0.94811517,False,0.9436829,True,0.8187224,True,0.9050043,True,0.6724622,True,0.8024162,3,0.34158438,2,0.76313335,3,0.49028116
74,p0n77,33.0,14,1.0,C4,72,,0.9202414,G,0.9352795,G,0.9274836,minor triad,0.44631246,0,0.64710325,A,0.5259512,A,0.7539153,2,0.45011848,None,0.8903603,True,0.8865092,"{0,4,9}",0.4052443,ii,0.42751384,False,0.9480799,False,0.94537294,True,0.73997563,True,0.85348475,False,0.93033653,False,0.9025307,3,0.33107612,4,0.75931966,3,0.4691615
75,p0n80,34.0,14,1.0,G2,55,,0.88361084,G,0.93653554,G,0.94183826,major triad,0.90451384,0,0.907116,G,0.92130923,G,0.93470573,1,0.90793073,None,0.9064477,True,0.8445669,"{2,7,11}",0.91181225,I,0.89243346,False,0.9478204,False,0.90681076,True,0.87290496,True,0.9421131,True,0.93818474,True,0.90602225,3,0.37601268,1,0.93763274,0,0.3277404
76,p0n79,34.0,14,1.0,B3,71,,0.88282096,G,0.9363453,G,0.9411503,major triad,0.9025031,0,0.89773,G,0.92101234,G,0.935702,1,0.906632,None,0.90786034,True,0.84503573,"{2,7,11}",0.91108054,I,0.8892249,False,0.9484553,False,0.91097116,True,0.8145633,True,0.9472405,False,0.9614222,False,0.9272736,3,0.37067178,3,0.9567197,2,0.30675593
77,p0n81,35.0,14,0.5,E4,76,,0.9213343,G,0.9339482,G,0.9352982,minor triad,0.6850261,0,0.4283034,A,0.64659065,C,0.3858383,2,0.56194323,None,0.88005614,True,0.89097214,"{0,4,9}",0.50368345,ii,0.3957798,False,0.9492077,False,0.9357914,True,0.7681292,True,0.8805434,False,0.89621633,False,0.8172006,1,0.6573627,6,0.89144355,3,0.4069276
78,p0n83,35.5,14,0.5,C4,72,,0.92767996,G,0.9327054,G,0.9328462,minor triad,0.768968,1,0.6488266,A,0.7852439,C,0.73744166,2,0.7720104,None,0.8923487,False,0.90819377,"{0,4,9}",0.7646685,ii,0.7051252,False,0.9508912,False,0.94879794,True,0.7132288,True,0.91382027,False,0.8377317,True,0.6527279,0,0.8941401,4,0.8682187,0,0.5983746
79,p0n85,36.0,15,2.0,C3,60,,0.9193962,G,0.9330653,G,0.92666376,minor triad,0.89745635,1,0.9402241,A,0.9072217,C,0.8984587,2,0.9226593,None,0.90737915,True,0.8806064,"{0,4,9}",0.89446723,ii,0.9170348,False,0.95058817,False,0.9422404,True,0.78125423,True,0.94184273,False,0.9537886,True,0.928072,1,0.6643195,4,0.96584785,2,0.40755653
80,p0n84,36.0,15,1.0,A3,69,,0.91708845,G,0.93218064,G,0.92699903,minor triad,0.8978791,1,0.94497794,A,0.907696,C,0.8989391,2,0.92116636,None,0.90811276,True,0.8730399,"{0,4,9}",0.899645,ii,0.9144503,False,0.950794,False,0.94599545,True,0.8381071,True,0.92660165,True,0.95118403,False,0.93177396,1,0.66301495,2,0.94517267,3,0.34393105
81,p0n86,37.0,15,0.5,C4,72,,0.92103446,G,0.93344,G,0.9265341,minor triad,0.9010884,1,0.938177,A,0.90277267,C,0.89817244,2,0.92425007,None,0.90836865,False,0.8459238,"{0,4,9}",0.8957005,ii,0.9220351,False,0.95081735,False,0.9524473,True,0.76676387,True,0.9405903,False,0.95285463,True,0.92077446,2,0.36288407,4,0.96510404,2,0.32896984
82,p0n87,37.5,15,0.5,A3,69,,0.9238501,G,0.93370026,G,0.9285126,minor triad,0.8920167,1,0.9379118,A,0.9056527,C,0.8949714,2,0.91551405,None,0.9074518,False,0.91980976,"{0,4,9}",0.89220786,ii,0.9073764,False,0.951032,False,0.9500161,True,0.7832107,True,0.8899737,True,0.9495899,False,0.9334936,0,0.8963982,2,0.94051474,0,0.35856366
83,p0n89,38.0,15,1.0,A2,57,,0.91879255,G,0.93702596,G,0.9151336,major triad,0.29957992,1,0.42145067,D,0.6072341,A,0.8189223,5,0.65800655,None,0.90943635,True,0.88691115,"{2,6,9}",0.3431592,V7,0.26416367,False,0.94290954,False,0.93635756,True,0.71432674,True,0.93897474,False,0.8944464,True,0.784559,1,0.80106366,2,0.91497314,3,0.5289262
84,p0n88,38.0,15,1.0,F#3,66,,0.92320246,G,0.9370928,G,0.9162756,major triad,0.2869503,1,0.44565576,D,0.59852344,A,0.81862175,5,0.6620632,None,0.9141549,True,0.89837193,"{2,6,9}",0.3505016,V7,0.25706467,False,0.9438397,False,0.9335915,True,0.73291487,True,0.8724682,False,0.7236166,False,0.8837141,1,0.8075075,7,0.8870524,3,0.49787137
85,p0n91,39.0,16,1.0,F#2,54,,0.9088412,G,0.93760115,G,0.929716,major triad,0.7839485,1,0.84146845,D,0.91806865,F#,0.8486305,5,0.91363525,None,0.91992736,True,0.7443127,"{2,6,9}",0.74819136,V,0.7950454,False,0.94934523,False,0.9393888,True,0.5150697,True,0.9517649,False,0.9588574,True,0.81814426,2,0.3629972,7,0.9426212,3,0.5220868
86,p0n90,39.0,16,0.5,D3,62,,0.91354245,G,0.9382576,G,0.93042576,major triad,0.78256315,1,0.85361713,D,0.9184152,F#,0.8518922,5,0.9111492,None,0.92126036,True,0.7407283,"{2,6,9}",0.733495,V,0.7927249,False,0.95001996,False,0.9397989,True,0.60743535,True,0.95927995,True,0.9436219,False,0.8816429,2,0.35190672,5,0.95884347,3,0.51689
87,p0n92,39.5,16,0.5,F#3,66,,0.9259504,G,0.93734175,G,0.9315153,major triad,0.74805236,1,0.5704717,D,0.9176301,F#,0.61893505,5,0.91319954,None,0.9231474,False,0.9264238,"{2,6,9}",0.73662657,V,0.7798474,False,0.9521254,False,0.9487504,True,0.5320334,True,0.9483938,False,0.9544697,True,0.5706106,0,0.8928868,7,0.9432643,3,0.50681746
88,p0n94,40.0,16,1.0,D2,50,,0.9174971,G,0.9388173,G,0.92788565,dominant seventh chord,0.8510282,0,0.92047954,D,0.91647303,D,0.92522174,5,0.9135615,None,0.93145055,False,0.54023325,"{0,2,6,9}",0.8279286,V7,0.8291663,False,0.949552,False,0.9356242,True,0.81675047,True,0.95150286,True,0.9492317,True,0.92161036,2,0.40118602,5,0.95489246,3,0.4352566
89,p0n93,40.0,16,0.5,A3,69,,0.90709984,G,0.9381413,G,0.9279725,dominant seventh chord,0.85801905,0,0.9171808,D,0.91637623,D,0.9255046,5,0.9111656,None,0.9289353,False,0.5445825,"{0,2,6,9}",0.82862604,V7,0.83094627,False,0.9489572,False,0.9313097,True,0.7965344,True,0.940334,False,0.9511537,False,0.94648933,2,0.40807816,2,0.8322457,3,0.42590976
90,p0n95,40.5,16,0.5,C4,72,,0.92576677,G,0.93902415,G,0.9299049,dominant seventh chord,0.89006937,0,0.92309415,D,0.913927,D,0.92643577,5,0.9251914,None,0.9299619,False,0.9349149,"{0,2,6,9}",0.89279777,V7,0.8911223,False,0.95013434,False,0.950497,True,0.7431504,True,0.92268455,False,0.950691,False,0.9436787,0,0.8932374,4,0.9019454,0,0.40354714
91,p0n97,41.0,16,1.0,G2,55,,0.6493819,G,0.93243265,G,0.9403653,major triad,0.9130273,0,0.9301795,G,0.91652304,G,0.94356215,1,0.9277924,None,0.9088706,True,0.9321735,"{2,7,11}",0.9230264,I,0.9210632,False,0.9353814,False,0.6764777,True,0.8721626,True,0.95012254,True,0.9598563,True,0.9390493,1,0.8600068,1,0.942268,2,0.35482994
92,p0n96,41.0,16,1.0,B3,71,,0.661122,G,0.9322838,G,0.9404222,major triad,0.91506034,0,0.9276307,G,0.91562355,G,0.94550997,1,0.92696214,None,0.9110866,True,0.9363319,"{2,7,11}",0.9236329,I,0.9208711,False,0.93691325,False,0.6939163,True,0.836463,True,0.9483218,False,0.9643859,False,0.95064044,1,0.8570737,3,0.9575146,2,0.4083417
93,p0n99,42.0,17,1.0,C3,60,,0.9288606,G,0.92914855,G,0.9370348,minor triad,0.73644394,1,0.7009641,A,0.7471019,C,0.7344252,2,0.7891952,None,0.8963681,True,0.8779936,"{0,4,9}",0.7077332,ii,0.6686071,False,0.9512906,False,0.947207,True,0.75353384,True,0.92354935,False,0.8515399,True,0.83214664,2,0.3964025,4,0.8732725,2,0.33382696
94,p0n98,42.0,17,0.33333334,E4,76,,0.92845064,G,0.9300515,G,0.9381461,minor triad,0.71858203,1,0.7043802,A,0.7226338,C,0.7244608,2,0.753041,None,0.8957897,True,0.86565363,"{0,4,9}",0.60308975,ii,0.596812,False,0.95125556,False,0.9452907,True,0.8169255,True,0.88646907,False,0.90242636,False,0.9404795,2,0.39466023,6,0.92682725,2,0.39819202
95,p0n100,42.333332,17,0.33333334,C4,72,,0.9278437,G,0.9279567,G,0.9349597,minor triad,0.71483827,1,0.6621648,A,0.64164954,C,0.70885193,2,0.73315126,None,0.89905804,False,0.89777726,"{0,4,9}",0.5305628,ii,0.6394843,False,0.95072716,False,0.9478258,True,0.7417889,True,0.8815578,False,0.68146664,True,0.65738916,0,0.8950562,4,0.77313775,0,0.6413728
96,p0n101,42.666668,17,0.33333334,A3,69,,0.92446345,G,0.92921376,G,0.9330689,minor triad,0.8063035,1,0.77374107,A,0.8274225,C,0.72993225,2,0.87125164,None,0.9030931,False,0.9013422,"{0,4,9}",0.80194354,ii,0.83214545,False,0.95089227,False,0.94820905,True,0.81727767,True,0.84869,True,0.8408703,False,0.88075864,0,0.8951543,2,0.9409633,0,0.42749122
97,p0n103,43.0,17,1.0,D3,62,,0.9079319,G,0.9368325,G,0.9096093,major triad,0.8668077,0,0.890083,D,0.81410295,D,0.8719067,5,0.8601644,None,0.91891706,True,0.85286283,"{2,7,11}",0.5241028,V,0.52610284,False,0.94854975,False,0.9227206,True,0.77765775,True,0.9405197,True,0.8825183,True,0.8947938,2,0.4337759,5,0.9556792,3,0.48931175
98,p0n102,43.0,17,1.0,G3,67,,0.91185826,G,0.9355144,G,0.9120598,major triad,0.86208487,0,0.89625204,D,0.80683255,D,0.8717998,5,0.8704954,None,0.9197086,True,0.84795743,"{2,7,11}",0.5184049,V,0.48220333,False,0.94977623,False,0.9158295,True,0.84134275,True,0.8131486,False,0.8849132,False,0.88087374,2,0.4679883,1,0.9099816,3,0.3808368
99,p0n105,44.0,17,1.0,D2,50,,0.8375318,G,0.9358061,G,0.9286571,major triad,0.8726161,0,0.93365455,D,0.9173081,D,0.9274093,5,0.91501683,None,0.9141507,True,0.7035356,"{2,6,9}",0.83803326,V,0.8892816,False,0.949517,False,0.90532094,True,0.83880913,True,0.9544328,True,0.94932383,True,0.93901587,2,0.31914583,5,0.9485634,3,0.4105198
100,p0n104,44.0,17,1.0,F#3,66,,0.80660087,G,0.9346974,G,0.9279989,major triad,0.8736589,0,0.9273086,D,0.91808695,D,0.92824966,5,0.9119075,None,0.9174528,True,0.6886167,"{2,6,9}",0.8403309,V,0.89271146,False,0.9497685,False,0.9041009,True,0.80651426,True,0.9517084,False,0.9614106,False,0.95350045,2,0.33109066,7,0.94232106,3,0.43010888
101,p0n107,45.0,18,2.0,G2,55,PAC,0.79772365,G,0.9119163,G,0.9042577,major triad,0.9070029,0,0.9335456,G,0.91249603,G,0.9414204,1,0.9105857,None,0.8959423,True,0.9540521,"{2,7,11}",0.8909115,I,0.9130517,False,0.94791436,True,0.87424845,True,0.8936778,True,0.95535755,True,0.94858044,True,0.9417776,1,0.85113823,1,0.9151031,2,0.37373647
102,p0n106,45.0,18,2.0,G3,67,PAC,0.79768866,G,0.91033316,G,0.9000867,major triad,0.9065349,0,0.9331298,G,0.9115079,G,0.94109887,1,0.91013175,None,0.8957538,True,0.9538487,"{2,7,11}",0.89041567,I,0.9127618,False,0.94794446,True,0.87320644,True,0.89314955,True,0.9556864,True,0.9494858,True,0.94184726,1,0.8512568,1,0.9181519,2,0.37220985
103,p0n109,47.0,19,0.5,C2,48,,0.89466244,C,0.8829493,C,0.90407705,major triad,0.9035095,0,0.93161964,C,0.88847613,C,0.8994019,1,0.90246093,None,0.89597416,True,0.6304484,"{0,4,7}",0.9378421,I,0.89445436,False,0.8917566,False,0.93078125,True,0.73309666,True,0.9456252,True,0.9610691,True,0.924097,1,0.84264445,1,0.90724486,2,0.3668277
104,p0n108,47.0,19,0.5,C4,72,,0.8882871,C,0.8846384,C,0.90710104,major triad,0.902506,0,0.9309383,C,0.8901273,C,0.9009377,1,0.90339655,None,0.8957537,True,0.6482889,"{0,4,7}",0.93832546,I,0.89516497,False,0.9013887,False,0.9283674,True,0.74753237,True,0.95345664,True,0.95656794,True,0.9348969,1,0.84678996,1,0.912083,2,0.35712516
105,p0n111,47.5,19,0.5,E2,52,,0.92163396,C,0.91118324,C,0.9287272,major triad,0.90856177,0,0.91376334,C,0.911354,C,0.8911807,1,0.91231436,None,0.89589125,False,0.9271202,"{0,4,7}",0.93978274,I,0.9128695,False,0.9500746,False,0.9472733,False,0.513141,True,0.9459226,False,0.9641974,False,0.9268529,0,0.8950544,3,0.9611271,2,0.3558271
106,p0n110,47.5,19,0.5,G3,67,,0.9221578,C,0.91125774,C,0.92918986,major triad,0.9079329,0,0.91430044,C,0.91164833,C,0.88723856,1,0.913072,None,0.8967301,False,0.93407226,"{0,4,7}",0.93703246,I,0.91468805,False,0.9499907,False,0.9480741,False,0.6375944,True,0.9474409,False,0.9409358,False,0.93312013,0,0.8946796,5,0.93549824,2,0.35910532
107,p0n114,48.0,20,1.0,C2,48,,0.9132904,C,0.91473615,C,0.9318991,major triad,0.90474796,0,0.92887914,C,0.9051301,C,0.9035238,1,0.9141494,None,0.89857495,False,0.54353905,"{0,4,7}",0.93817246,I,0.9165783,False,0.94093525,False,0.9278596,True,0.64268357,True,0.95283586,True,0.9575867,True,0.92090493,1,0.68527645,1,0.9380578,2,0.393638
108,p0n113,48.0,20,1.0,G2,55,,0.9090889,C,0.9158233,C,0.9314656,major triad,0.90776116,0,0.9217212,C,0.90469813,C,0.9016892,1,0.9157458,None,0.9007188,False,0.5301705,"{0,4,7}",0.9362795,I,0.91830975,False,0.94148797,False,0.9289903,False,0.56431806,True,0.9509674,False,0.93955046,False,0.94047594,1,0.6794066,5,0.9572223,2,0.46884784
109,p0n112,48.0,20,1.0,E3,64,,0.9068181,C,0.91561455,C,0.9319193,major triad,0.90949863,0,0.92269105,C,0.9048317,C,0.9045871,1,0.9144998,None,0.89861995,False,0.50229585,"{0,4,7}",0.9393229,I,0.915335,False,0.94234127,False,0.93174994,True,0.5566804,True,0.9492036,False,0.9654677,False,0.9388084,1,0.6875719,3,0.95950097,2,0.4179748
110,p0n117,49.0,20,1.0,C2,48,,0.9096667,C,0.91828823,C,0.93707097,major triad,0.9060323,0,0.9269293,C,0.9059962,C,0.9041308,1,0.91677284,None,0.9037834,False,0.8417786,"{0,4,7}",0.9393479,I,0.92138684,False,0.94709146,False,0.93426704,True,0.6689421,True,0.95389295,True,0.95692235,True,0.92332876,2,0.4832814,1,0.94443166,2,0.38695422
111,p0n116,49.0,20,1.0,G2,55,,0.9087122,C,0.91920817,C,0.93652654,major triad,0.9086093,0,0.9187042,C,0.90594846,C,0.9022997,1,0.9182203,None,0.90573627,False,0.8436014,"{0,4,7}",0.9371612,I,0.9224454,False,0.9466347,False,0.93473965,False,0.58009124,True,0.9520786,False,0.9387672,False,0.94028324,2,0.4971239,5,0.96388155,2,0.45469105
112,p0n115,49.0,20,1.0,E3,64,,0.9100592,C,0.91926545,C,0.93693084,major triad,0.91066927,0,0.918356,C,0.9062921,C,0.90465844,1,0.9166332,None,0.9038246,False,0.83080673,"{0,4,7}",0.9401267,I,0.9195733,False,0.9467976,False,0.9377407,True,0.52817184,True,0.9472269,False,0.96387875,False,0.93978983,2,0.4954326,3,0.95626545,2,0.42102617
113,p0n120,50.0,20,0.5,B1,47,,0.9085834,C,0.9260309,C,0.92954683,major triad,0.80368435,1,0.81908596,G,0.9191337,B,0.83228195,5,0.86293364,None,0.9156074,True,0.8997133,"{2,7,11}",0.7577868,V,0.7731744,False,0.94850975,False,0.9404717,False,0.5148551,True,0.94781625,False,0.9485428,True,0.8358681,3,0.3720813,7,0.9322716,3,0.3643414
114,p0n119,50.0,20,1.0,G2,55,,0.90902084,C,0.92608863,C,0.9275811,major triad,0.80124956,1,0.8241023,G,0.9165528,B,0.8202734,5,0.84545475,None,0.9092462,True,0.8921126,"{2,7,11}",0.7441284,V,0.76795346,False,0.94852746,False,0.9407068,True,0.61441404,True,0.95570296,True,0.91505426,False,0.88651425,3,0.3751757,5,0.9445201,3,0.3679802
115,p0n118,50.0,20,0.5,D3,62,,0.9049306,C,0.9265643,C,0.92857146,major triad,0.8072887,1,0.81999266,G,0.9185172,B,0.83123016,5,0.8616276,None,0.9125521,True,0.8966822,"{2,7,11}",0.74712497,V,0.7746598,False,0.9491743,False,0.938696,False,0.620958,True,0.9333069,False,0.9425266,False,0.91981167,3,0.37928465,2,0.9054276,3,0.39198267
116,p0n122,50.5,20,0.5,C2,48,,0.9258646,C,0.91182405,C,0.9123563,major triad,0.8631275,0,0.7342361,C,0.725818,C,0.5717292,1,0.75767726,None,0.8930601,False,0.65315735,"{0,4,7}",0.8248216,I,0.798844,False,0.9502556,False,0.9485155,True,0.66670835,True,0.71961415,True,0.62328774,False,0.56965667,0,0.8885416,1,0.86696106,2,0.3409378
117,p0n121,50.5,20,0.5,E3,64,,0.92513686,C,0.9144076,C,0.91063356,major triad,0.8596374,0,0.7577905,C,0.7443612,C,0.5933551,1,0.7692895,None,0.89211184,False,0.64339614,"{0,4,7}",0.8278987,I,0.80955505,False,0.9503083,False,0.9481995,False,0.54644084,True,0.52835304,False,0.94705886,False,0.88378316,0,0.8893454,3,0.8076467,2,0.40245703
118,p0n125,51.0,21,1.0,C2,48,,0.87435323,C,0.9183938,C,0.9347682,major triad,0.9008499,0,0.9204859,C,0.913048,C,0.8964121,1,0.9150124,None,0.9006617,True,0.83823866,"{0,4,7}",0.9338805,I,0.9168564,False,0.9341558,False,0.8929414,True,0.6758951,True,0.95137066,True,0.954303,True,0.92351264,1,0.8650469,1,0.93882257,2,0.4618981
119,p0n124,51.0,21,2.0,G2,55,,0.8889595,C,0.9196981,C,0.93458396,major triad,0.90426874,0,0.9107386,C,0.9126653,C,0.89428073,1,0.91640335,None,0.9025289,True,0.8407034,"{0,4,7}",0.9319553,I,0.91842216,False,0.9367329,False,0.9016279,True,0.5516323,True,0.94746065,False,0.9351669,False,0.94192636,1,0.86256945,5,0.95721006,2,0.5043186
120,p0n123,51.0,21,1.0,E3,64,,0.87871206,C,0.9202996,C,0.934809,major triad,0.90510046,0,0.9126146,C,0.91419023,C,0.8995289,1,0.91438067,None,0.9000768,True,0.84866863,"{0,4,7}",0.9356081,I,0.91469675,False,0.9379244,False,0.9032358,True,0.6301261,True,0.94549453,False,0.96315366,False,0.93213665,1,0.86399513,3,0.95544213,2,0.48659834
121,p0n127,52.0,21,1.0,D2,50,,0.92244583,C,0.91739833,C,0.9217051,dominant seventh chord,0.75986046,2,0.6095263,G,0.8358165,D,0.6826397,5,0.8524803,None,0.9185738,True,0.8855158,"{2,5,7,11}",0.7906227,V7,0.75741506,False,0.9508295,False,0.9409606,False,0.639574,True,0.9016928,False,0.9086086,True,0.52585393,3,0.37078393,2,0.680069,3,0.36818975
122,p0n126,52.0,21,1.0,F3,65,,0.9246383,C,0.9163955,C,0.9225899,dominant seventh chord,0.77642375,2,0.62076163,G,0.83789295,D,0.68777764,5,0.8516574,None,0.92244107,True,0.87972784,"{2,5,7,11}",0.7961743,V7,0.770671,False,0.95101076,False,0.94247955,False,0.64876723,True,0.7318979,False,0.9204346,False,0.82857037,3,0.3700119,4,0.898963,0,0.35703424
123,p0n130,53.0,21,0.5,B1,47,,0.91775334,C,0.92704207,C,0.9399008,dominant seventh chord,0.6456336,1,0.8529053,G,0.9223287,B,0.87149817,5,0.90931565,None,0.91591966,True,0.80162776,"{2,5,7,11}",0.6573557,V7,0.60442275,False,0.948219,False,0.9449442,False,0.5422938,True,0.9464273,False,0.9600192,True,0.8574115,2,0.37092778,7,0.95738584,3,0.3918092
124,p0n129,53.0,21,1.0,G2,55,,0.9192972,C,0.9266923,C,0.9392822,dominant seventh chord,0.67076945,1,0.8604165,G,0.92296743,B,0.8699815,5,0.90929824,None,0.91564506,True,0.78683335,"{2,5,7,11}",0.6718985,V7,0.6225919,False,0.94878966,False,0.9456464,True,0.6251174,True,0.959984,True,0.95771974,False,0.9322494,2,0.36244473,5,0.9575539,3,0.37089774
125,p0n128,53.0,21,0.5,D4,74,,0.9140761,C,0.92762065,C,0.9398827,dominant seventh chord,0.64841515,1,0.8558034,G,0.92157555,B,0.87487966,5,0.91025424,None,0.9145725,True,0.79825205,"{2,5,7,11}",0.665323,V7,0.61276317,False,0.94870454,False,0.9448633,False,0.5924662,True,0.9477471,False,0.95110077,False,0.91759807,2,0.37390873,2,0.909936,3,0.41213372
126,p0n132,53.5,21,0.5,D2,50,,0.9253683,C,0.9247859,C,0.9383139,dominant seventh chord,0.6807045,1,0.8372867,G,0.9202918,B,0.8672403,5,0.9097396,None,0.9140538,False,0.92352456,"{2,5,7,11}",0.6976283,V7,0.65853524,False,0.95035493,False,0.9527084,False,0.6416891,True,0.93942165,False,0.9446114,False,0.91258895,0,0.8927664,2,0.9048061,3,0.3836056
127,p0n131,53.5,21,0.5,B3,71,,0.9254072,C,0.92447555,C,0.9386175,dominant seventh chord,0.68375945,1,0.83697337,G,0.9203994,B,0.8670352,5,0.9107896,None,0.9147964,False,0.9183872,"{2,5,7,11}",0.69724566,V7,0.656667,False,0.95053333,False,0.9519854,False,0.6184959,True,0.9441544,False,0.9530195,True,0.80104136,0,0.89324725,7,0.9531489,3,0.37825525
128,p0n135,54.0,22,1.0,B1,47,,0.9289685,C,0.92728055,C,0.94061744,dominant seventh chord,0.87430197,1,0.86822253,G,0.9178989,B,0.8839014,5,0.9281042,None,0.9248854,True,0.8256538,"{2,5,7,11}",0.9087651,V7,0.8935168,False,0.94431,False,0.93893296,False,0.50945675,True,0.9543066,False,0.9631503,True,0.8978104,1,0.8589691,7,0.955145,3,0.35055783
129,p0n134,54.0,22,1.0,G2,55,,0.924369,C,0.92629826,C,0.9396541,dominant seventh chord,0.87720436,1,0.8725624,G,0.9192981,B,0.88111925,5,0.92764115,None,0.92679745,True,0.81480736,"{2,5,7,11}",0.9079739,V7,0.8961801,False,0.9428663,False,0.9377347,True,0.6403105,True,0.95947355,True,0.95418257,False,0.9425582,1,0.8600198,5,0.9490612,3,0.37732297
130,p0n133,54.0,22,1.0,F3,65,,0.9242257,C,0.927005,C,0.94046015,dominant seventh chord,0.87260425,1,0.87797964,G,0.9154423,B,0.8881743,5,0.92734283,None,0.92705566,True,0.8383182,"{2,5,7,11}",0.9144202,V7,0.89608824,False,0.9450772,False,0.9401257,False,0.5586395,True,0.9446804,False,0.9534444,False,0.9350955,1,0.86080533,4,0.8426009,3,0.29726467
131,p0n138,55.0,22,1.0,B1,47,,0.92428416,C,0.9255566,C,0.9412705,dominant seventh chord,0.8719348,1,0.8458457,G,0.9225051,B,0.874261,5,0.92597926,None,0.9243204,False,0.7326223,"{2,5,7,11}",0.90293086,V7,0.89394104,False,0.94890076,False,0.94716257,False,0.61028886,True,0.955054,False,0.9590307,True,0.86928093,2,0.4643307,7,0.94210654,3,0.4049811
132,p0n137,55.0,22,1.0,G2,55,,0.9235761,C,0.92480004,C,0.9406104,dominant seventh chord,0.8755538,1,0.85286,G,0.9242173,B,0.87249076,5,0.92473584,None,0.9264474,False,0.73178625,"{2,5,7,11}",0.9017488,V7,0.8956047,False,0.949045,False,0.9480262,True,0.55619746,True,0.96037316,True,0.9539341,False,0.94285285,2,0.44853196,5,0.9525671,3,0.4085624
133,p0n136,55.0,22,1.0,F3,65,,0.9226247,C,0.9250113,C,0.9407676,dominant seventh chord,0.87081,1,0.8607581,G,0.9208494,B,0.88093257,5,0.9254624,None,0.9265784,False,0.7218727,"{2,5,7,11}",0.90817016,V7,0.8959099,False,0.9503363,False,0.947764,False,0.65144175,True,0.93785137,False,0.95141643,False,0.92807746,2,0.45967716,4,0.8801666,3,0.3443642
134,p0n141,56.0,22,1.0,B1,47,,0.9180121,C,0.9185715,C,0.93590975,major triad,0.48414847,1,0.8622808,G,0.92696184,B,0.89076555,5,0.9042702,None,0.9148114,True,0.6456097,"{2,7,11}",0.44747037,V,0.492736,False,0.94830966,False,0.94609475,False,0.5638048,True,0.9499678,False,0.96347445,True,0.88504046,2,0.39462885,7,0.9502417,3,0.40557298
135,p0n140,56.0,22,1.0,G2,55,,0.9202178,C,0.91761655,C,0.93501526,major triad,0.47049716,1,0.86749876,G,0.9268127,B,0.8893002,5,0.89865726,None,0.9150673,True,0.6133945,"{2,7,11}",0.44302052,V,0.48466069,False,0.9487394,False,0.9475102,True,0.6084269,True,0.95948285,True,0.9558398,False,0.9352732,2,0.3858364,5,0.95931774,3,0.3880785
136,p0n139,56.0,22,0.5,E3,64,,0.92273766,C,0.91934013,C,0.9370954,major triad,0.47647735,1,0.85827506,G,0.9241309,B,0.8904905,5,0.895144,None,0.9162018,True,0.6148926,"{2,7,11}",0.45040154,V,0.46515712,False,0.94969356,False,0.9403115,False,0.5400581,False,0.89253044,False,0.9454522,False,0.9132716,2,0.3914704,6,0.32681233,3,0.33118525
137,p0n142,56.5,22,0.5,D3,62,,0.92559224,C,0.9182916,C,0.9359673,major triad,0.6274203,1,0.86343336,G,0.92364687,B,0.90396535,5,0.90371907,None,0.9119316,False,0.9313258,"{2,7,11}",0.5806812,V,0.6157289,False,0.95105773,False,0.952602,False,0.7011173,True,0.9363848,False,0.9473381,False,0.9126452,0,0.8922761,2,0.90805596,3,0.44645885
138,p0n145,57.0,23,2.0,C2,48,,0.71111697,C,0.8800482,C,0.888589,major triad,0.906435,0,0.9319436,C,0.90070355,C,0.89294875,1,0.9016855,None,0.8884496,True,0.9295331,"{0,4,7}",0.93791,I,0.9006392,False,0.9379864,False,0.75310934,True,0.6863035,True,0.95094585,True,0.9551426,True,0.9362802,1,0.8650134,1,0.889185,2,0.49714157
139,p0n144,57.0,23,2.0,G2,55,,0.7667191,C,0.88007915,C,0.8891824,major triad,0.90979725,0,0.9259632,C,0.9004813,C,0.8913771,1,0.9024838,None,0.8887478,True,0.9280877,"{0,4,7}",0.9353824,I,0.90169775,False,0.9397842,False,0.78031313,True,0.590278,True,0.9459211,False,0.93862975,False,0.94455105,1,0.86640173,5,0.9272683,2,0.53086394
140,p0n143,57.0,23,1.0,D3,62,,0.83911616,C,0.8825779,C,0.8921662,major triad,0.89856297,0,0.9294152,C,0.90552443,C,0.8944886,1,0.89798427,None,0.88890964,True,0.9396802,"{0,4,7}",0.9348925,I,0.8951385,False,0.94575995,False,0.7496746,True,0.59345347,False,0.85965466,False,0.9513615,False,0.94653547,1,0.8678651,2,0.740827,2,0.47765762
141,p0n146,58.0,23,1.0,E3,64,,0.8942165,C,0.8787865,C,0.87492365,major triad,0.90795213,0,0.92083037,C,0.90566635,C,0.89974636,1,0.8898712,None,0.8883571,False,0.50641334,"{0,4,7}",0.9359611,I,0.88344705,False,0.94662344,False,0.92375714,True,0.58693254,True,0.9440252,False,0.96435356,False,0.939093,2,0.42047772,3,0.9200311,2,0.48771295
142,p0n148,59.0,23,0.25,C3,60,,0.91199845,C,0.7964377,C,0.721011,major triad,0.8816528,0,0.8801199,C,0.8861995,C,0.85715497,1,0.7343282,None,0.8710776,False,0.5734049,"{0,4,7}",0.8951459,I,0.74227,False,0.947425,False,0.94080925,True,0.67783976,True,0.9291791,True,0.900131,True,0.8721278,2,0.38213626,1,0.7964622,2,0.38575464
143,p0n147,59.0,23,0.25,E4,76,,0.91427225,C,0.7954607,C,0.72183156,major triad,0.8849409,0,0.87859774,C,0.8912935,C,0.86274475,1,0.73725134,None,0.8714295,False,0.5744824,"{0,4,7}",0.9007316,I,0.73770374,False,0.94722396,False,0.9402048,True,0.5913283,True,0.914884,False,0.9556204,False,0.91059554,2,0.3938673,3,0.7144199,2,0.45534438
144,p0n151,59.25,23,0.25,B2,59,,0.92608047,C,0.73291796,C,0.6414818,major triad,0.82241285,0,0.79878527,C,0.84652644,C,0.8337933,1,0.5469995,None,0.8546665,False,0.9279783,"{0,4,7}",0.8512244,I,0.5507569,False,0.95015436,False,0.9513944,True,0.6223322,False,0.85426015,False,0.9355494,False,0.90970683,0,0.8929297,7,0.41600922,2,0.35820323
145,p0n150,59.25,23,0.25,D4,74,,0.9260898,C,0.7332425,C,0.6403327,major triad,0.8264638,0,0.8025965,C,0.8503291,C,0.8295969,1,0.56732845,None,0.8563321,False,0.9295663,"{0,4,7}",0.8537672,I,0.5726583,False,0.95015234,False,0.9515362,True,0.5732064,False,0.855683,False,0.93051183,False,0.90962166,0,0.8930828,2,0.4537888,0,0.37354016
146,p0n153,59.5,23,0.25,A2,57,,0.9253236,C,0.7541927,C,0.58746624,major triad,0.41545537,0,0.60375947,C,0.55640227,C,0.7356242,1,0.30380413,None,0.8337042,False,0.80540484,"{0,4,7}",0.547857,I,0.2572301,False,0.9506888,False,0.94821334,True,0.73198795,True,0.5904539,True,0.5303964,False,0.73648214,0,0.89092624,6,0.8360093,2,0.34549493
147,p0n152,59.5,23,0.25,C4,72,,0.92485887,C,0.75185984,C,0.57626224,minor triad,0.41742915,0,0.611371,C,0.5480384,C,0.7190861,1,0.28658772,None,0.83449364,False,0.8131197,"{0,4,7}",0.51248395,vi,0.25249976,False,0.95073974,False,0.9483953,True,0.60905313,True,0.8090497,False,0.830913,False,0.72579694,0,0.89050424,1,0.70848703,2,0.36156073
148,p0n155,59.75,23,0.25,G2,55,,0.9259787,C,0.69312197,C,0.48884964,major triad,0.54528904,0,0.5371305,C,0.56396997,C,0.6298554,1,0.33836198,None,0.8263766,False,0.8919612,"{0,4,7}",0.595344,I,0.34298438,False,0.9507961,False,0.94925874,True,0.5989725,False,0.6410065,False,0.8082542,False,0.8035403,0,0.8905894,4,0.3044657,0,0.41441908
149,p0n154,59.75,23,0.25,B3,71,,0.9262337,C,0.68922436,C,0.48897,major triad,0.53884447,0,0.5321421,C,0.56469727,C,0.6323503,1,0.35032788,None,0.8256239,False,0.8845922,"{0,4,7}",0.6098889,I,0.34000456,False,0.9507485,False,0.94919074,True,0.62321514,False,0.633607,False,0.8876012,False,0.86797136,0,0.8905636,6,0.3303917,2,0.3411299
150,p0n157,60.0,24,2.0,F#2,54,,0.9272891,G,0.5059997,G,0.9424262,diminished triad,0.6354512,0,0.500404,F#,0.50332,F#,0.9288572,7,0.65577143,5,0.46664512,True,0.9222407,"{0,6,9}",0.40681222,viio,0.5491645,False,0.94407225,False,0.9445011,True,0.6062963,True,0.9191847,True,0.63432795,True,0.8802206,1,0.80582505,7,0.44704714,3,0.46812046
151,p0n156,60.0,24,1.0,A3,69,,0.92360973,G,0.5282188,G,0.94536537,diminished triad,0.6614395,0,0.5366023,F#,0.5167867,F#,0.9320199,7,0.69408184,None,0.48273063,True,0.9211504,"{0,6,9}",0.42398107,viio,0.5745921,False,0.944253,False,0.9442526,True,0.51720375,True,0.9218293,False,0.9428214,False,0.9349897,1,0.8067267,2,0.3680718,3,0.4727238
152,p0n158,61.0,24,1.0,A4,81,,0.9252481,G,0.7810269,G,0.9463312,diminished triad,0.5263919,1,0.55747277,D,0.50816596,F#,0.9288192,7,0.54725784,None,0.7385658,False,0.821637,"{2,6,9}",0.38487208,viio,0.4177652,False,0.94769067,False,0.952617,False,0.5261945,True,0.91193587,False,0.94220877,False,0.92455053,2,0.38537532,2,0.62848186,3,0.5142806
153,p0n160,62.0,24,0.25,B2,59,,0.909929,G,0.77694905,G,0.8378936,major triad,0.6861586,1,0.49721524,G,0.5578914,B,0.38327327,1,0.47627503,None,0.8171518,True,0.8361186,"{2,7,11}",0.6611961,I,0.40070713,False,0.94549644,False,0.9252087,True,0.63183486,True,0.7512297,False,0.8539685,True,0.54965407,1,0.6493017,3,0.6621088,3,0.5119277
154,p0n159,62.0,24,0.25,D4,74,,0.910501,G,0.7721718,G,0.837188,major triad,0.67943996,1,0.49458477,G,0.5535675,B,0.3733333,1,0.4709708,None,0.81022424,True,0.8257309,"{2,7,11}",0.6522727,I,0.39761528,False,0.9444733,False,0.92541915,True,0.5299008,True,0.8789749,False,0.8688831,False,0.69340736,1,0.6493129,5,0.4420667,3,0.59204966
155,p0n162,62.25,24,0.25,A2,57,,0.9298158,G,0.86680907,G,0.87827826,major triad,0.8310138,1,0.60459393,G,0.810323,B,0.4750164,1,0.73473704,None,0.8604888,False,0.92406553,"{2,7,11}",0.84810376,I,0.6872668,False,0.9502353,False,0.9524315,False,0.5782963,False,0.8738796,False,0.9322251,False,0.9080639,0,0.8906,6,0.29490894,3,0.41378653
156,p0n161,62.25,24,0.25,C4,72,,0.92871356,G,0.8724642,G,0.88204753,major triad,0.8332569,1,0.6175451,G,0.81978786,B,0.48671326,1,0.7462182,None,0.86443394,False,0.9268288,"{2,7,11}",0.8487683,I,0.7063232,False,0.95008886,False,0.952134,False,0.54633415,False,0.8534823,False,0.9142621,False,0.9221554,0,0.89071286,4,0.42751434,0,0.4247029
157,p0n164,62.5,24,0.25,G2,55,,0.92871964,G,0.89734334,G,0.8940711,major triad,0.8715594,1,0.64868313,G,0.88450444,B,0.50267583,1,0.8143519,None,0.87443036,False,0.87120354,"{2,7,11}",0.8863307,I,0.80646294,False,0.9514386,False,0.9498654,True,0.68156505,True,0.9275727,True,0.83011216,False,0.71717274,0,0.8883859,1,0.81285447,0,0.36155012
158,p0n163,62.5,24,0.25,B3,71,,0.92952883,G,0.89659786,G,0.8935391,major triad,0.87037104,1,0.6375273,G,0.8850827,B,0.5037191,1,0.82198465,None,0.8776872,False,0.86860603,"{2,7,11}",0.88899785,I,0.8036761,False,0.9515459,False,0.9509608,True,0.58085185,True,0.87976986,False,0.94815713,True,0.64274323,0,0.8893759,3,0.88879377,3,0.42557132
159,p0n166,62.75,24,0.25,F#2,54,,0.92772806,G,0.8886221,G,0.885602,major triad,0.77436113,0,0.50143325,G,0.6818556,B,0.31918743,1,0.6125241,None,0.85080916,False,0.8793157,"{2,7,11}",0.7832357,I,0.546811,False,0.95011264,False,0.95137906,True,0.65661937,False,0.75164735,False,0.9155991,False,0.8544422,0,0.8869888,7,0.48939675,3,0.4401321
160,p0n165,62.75,24,0.25,A3,69,,0.92793864,G,0.8889631,G,0.8852688,major triad,0.78008324,0,0.49749297,G,0.6804941,B,0.3196462,1,0.615109,None,0.853536,False,0.886492,"{2,7,11}",0.78404063,I,0.5482886,False,0.950042,False,0.95104814,True,0.5446388,False,0.7465849,False,0.91836554,False,0.8909221,0,0.8875119,2,0.4610556,3,0.41789046
161,p0n168,63.0,25,2.0,E2,52,,0.9256757,G,0.89266723,G,0.90450996,minor triad,0.73481846,0,0.60510504,E,0.5104694,E,0.8619947,6,0.8492655,None,0.8458566,True,0.92854375,"{4,7,11}",0.7937719,vi,0.79247683,False,0.94559395,False,0.93122303,True,0.7595839,True,0.91639906,True,0.707036,True,0.89465696,1,0.79046845,6,0.880101,2,0.3629382
162,p0n167,63.0,25,1.0,G3,67,,0.92008567,G,0.8932012,G,0.90579486,minor triad,0.74542016,0,0.63332176,E,0.50874317,E,0.8641347,6,0.8594128,None,0.8493508,True,0.92919666,"{4,7,11}",0.7947408,vi,0.80605495,False,0.9455385,False,0.9328483,True,0.5869179,True,0.93373543,False,0.9411521,False,0.9367136,1,0.79440236,1,0.75720453,2,0.42925325
163,p0n169,64.0,25,1.0,G4,79,,0.91942465,G,0.88032305,G,0.88921225,minor triad,0.76258594,0,0.62968725,E,0.5831136,E,0.858439,6,0.84783703,None,0.8502766,False,0.68438333,"{4,7,11}",0.8221663,vi,0.81047034,False,0.9487045,False,0.94662285,True,0.58071744,True,0.93058914,False,0.9392574,False,0.9302318,2,0.44385216,1,0.6103053,2,0.3809836
164,p0n171,65.0,25,1.0,B2,59,,0.9177373,G,0.90781695,G,0.88526994,major triad,0.74603885,1,0.6130946,G,0.7595907,B,0.80959255,1,0.6952246,None,0.8498181,True,0.8876979,"{2,7,11}",0.83444905,I,0.644973,False,0.94336295,False,0.9248072,True,0.66898924,True,0.8983035,False,0.89885813,True,0.8320881,1,0.78014094,3,0.9129832,3,0.47478512
165,p0n170,65.0,25,0.25,D4,74,,0.9148734,G,0.90981686,G,0.8877481,major triad,0.76263624,1,0.62631917,G,0.7604256,B,0.8129808,1,0.7116961,None,0.8562043,True,0.8849498,"{2,7,11}",0.8272274,I,0.6691595,False,0.9426467,False,0.92635936,True,0.50048184,True,0.90252763,False,0.91678256,False,0.9034873,1,0.7850099,5,0.8879248,3,0.50597644
166,p0n172,65.25,25,0.25,B3,71,,0.9310059,G,0.91391087,G,0.90354156,major triad,0.83272105,1,0.70644486,G,0.8339063,B,0.8014026,1,0.79621124,None,0.86109763,False,0.8957007,"{2,7,11}",0.89980406,I,0.7819611,False,0.9509492,False,0.9517278,True,0.6107278,True,0.90732944,False,0.9398234,True,0.79411167,0,0.8898906,3,0.9141515,3,0.3945217
167,p0n173,65.5,25,0.25,A3,69,,0.9294952,G,0.9266263,G,0.91639376,major triad,0.8777675,1,0.8098388,G,0.8869996,B,0.83263254,1,0.8646057,None,0.8777767,False,0.9415958,"{2,7,11}",0.9170722,I,0.8557316,False,0.9502775,False,0.9529896,False,0.65608644,False,0.93174124,False,0.95239604,False,0.9386522,0,0.89371485,2,0.30342308,3,0.38026184
168,p0n174,65.75,25,0.25,G3,67,,0.93025994,G,0.9224926,G,0.9050449,major triad,0.89600563,1,0.82382506,G,0.9054635,B,0.8300691,1,0.86496454,None,0.8696196,False,0.9244477,"{2,7,11}",0.9182147,I,0.8702487,False,0.95163184,False,0.9509507,True,0.593727,True,0.950782,True,0.92329776,False,0.88794017,0,0.8913015,1,0.8988798,3,0.305117
169,p0n176,66.0,26,1.0,C3,60,,0.9222965,G,0.912722,G,0.9213854,major triad,0.65505475,0,0.7328547,C,0.5688178,C,0.8156436,4,0.6665369,None,0.8793454,True,0.89597464,"{0,4,7}",0.678223,IV,0.65847415,False,0.95026416,False,0.9363594,True,0.80212045,True,0.92270637,True,0.7403586,True,0.85809165,3,0.3735518,4,0.8514819,2,0.4469665
170,p0n175,66.0,26,1.0,E4,76,,0.92106676,G,0.9132317,G,0.92216575,major triad,0.66779345,0,0.7299276,C,0.5524188,C,0.8151967,4,0.6716192,None,0.88174546,True,0.8852168,"{0,4,7}",0.6938686,IV,0.6472951,False,0.9502652,False,0.9360716,True,0.7745436,True,0.89362186,False,0.9399206,False,0.9285245,3,0.37289625,6,0.92368937,2,0.5137638
171,p0n178,67.0,26,1.0,D3,62,,0.8471279,G,0.87829345,G,0.92117083,major triad,0.86699337,0,0.9108791,D,0.91319484,D,0.93484676,5,0.89875984,None,0.82048166,True,0.9058696,"{2,6,9}",0.788119,V,0.840535,False,0.9486663,False,0.8822402,True,0.82292897,True,0.9462299,True,0.9247013,True,0.9136819,3,0.39301404,5,0.82963884,3,0.50159
172,p0n177,67.0,26,1.0,D4,74,,0.8473993,G,0.8767641,G,0.92090434,major triad,0.86711884,0,0.91109735,D,0.9132692,D,0.9347813,5,0.89835846,None,0.81877077,True,0.9054259,"{2,6,9}",0.78846437,V,0.84200746,False,0.94859356,False,0.8830528,True,0.82051444,True,0.94552296,True,0.9207515,True,0.91343856,3,0.3947971,5,0.8294408,3,0.4998677
173,p0n180,68.0,26,1.0,D2,50,,0.8733829,G,0.7837109,G,0.9365272,major triad,0.873133,0,0.9327265,D,0.91582566,D,0.92234033,5,0.90956324,None,0.6611053,True,0.6126157,"{2,6,9}",0.85862356,V,0.88152605,False,0.94989336,False,0.9269923,True,0.76397,True,0.95308757,True,0.9558942,True,0.932545,2,0.3778979,5,0.69663656,3,0.45996994
174,p0n179,68.0,26,1.0,F#3,66,,0.8613908,G,0.77733123,G,0.93529737,major triad,0.87447304,0,0.9279603,D,0.9163308,D,0.9237196,5,0.9103019,None,0.64768803,True,0.5974761,"{2,6,9}",0.85793775,V,0.8826942,False,0.95014006,False,0.9250952,True,0.6916488,True,0.95100945,False,0.9635248,False,0.953375,2,0.38885644,7,0.66677475,3,0.46325344
175,p0n182,69.0,27,2.0,G2,55,PAC,0.7085667,G,0.9043511,G,0.9150464,major triad,0.9135457,0,0.93058336,G,0.919965,G,0.9367089,1,0.9114236,None,0.88992006,True,0.94247925,"{2,7,11}",0.9121845,I,0.91263425,False,0.9449645,True,0.7899593,True,0.8712336,True,0.9536514,True,0.9468564,True,0.93949133,1,0.85847515,1,0.89771247,2,0.380275
176,p0n181,69.0,27,1.0,A3,69,,0.52682084,G,0.90383506,G,0.9129476,major triad,0.91233563,0,0.9302499,G,0.9225011,G,0.9329643,1,0.90981275,None,0.89175564,True,0.948721,"{2,7,11}",0.90715474,I,0.9164808,False,0.9423365,True,0.6565012,True,0.77939737,False,0.87791836,False,0.954828,False,0.9496307,1,0.8616699,2,0.77020484,2,0.39755252
177,p0n183,70.0,27,1.0,G3,67,,0.7092486,G,0.8735497,G,0.89291406,major triad,0.90338635,0,0.9281012,G,0.9154672,G,0.9368024,1,0.8896888,None,0.8741038,False,0.76743203,"{2,7,11}",0.9168202,I,0.88902813,False,0.9466239,False,0.8952226,True,0.88444287,True,0.9526203,True,0.93978274,True,0.9303367,2,0.45596564,1,0.8813953,0,0.28266895
178,p0n185,71.0,28,0.5,E2,52,,0.9192449,C,0.6311253,C,0.44677866,minor triad,0.62590796,0,0.6313855,E,0.5386085,E,0.88831073,6,0.5223308,None,0.81153417,True,0.9071164,"{4,7,11}",0.6597106,vi,0.44568443,False,0.9470598,False,0.9281401,True,0.7372349,True,0.9076206,True,0.5870226,True,0.87054074,1,0.6081112,3,0.64270926,3,0.35623902
179,p0n184,71.0,28,0.5,G4,79,,0.91185915,C,0.6307016,C,0.43552938,minor triad,0.63906604,0,0.66064477,E,0.5461417,E,0.8912071,6,0.53453666,None,0.8092191,True,0.9075129,"{4,7,11}",0.6624802,vi,0.45238644,False,0.94713277,False,0.92978525,True,0.52963173,True,0.92549866,False,0.9301227,False,0.92266357,1,0.6105521,5,0.6419451,2,0.42290434
180,p0n187,71.5,28,0.5,G2,55,,0.922049,C,0.6180206,D,0.43714765,minor triad,0.46481612,0,0.5659715,E,0.45499074,E,0.81431556,6,0.24469429,None,0.58586174,False,0.79443955,"{4,7,11}",0.5083088,vi,0.25800243,False,0.9506847,False,0.94956726,False,0.5668027,True,0.8763764,False,0.90472525,False,0.8274967,0,0.8870241,5,0.48877165,2,0.35335845
181,p0n186,71.5,28,0.5,E4,76,,0.9230497,C,0.63227457,D,0.445285,minor triad,0.46808758,0,0.55745816,E,0.45318997,E,0.8069782,6,0.23147884,None,0.58982563,False,0.7892152,"{4,7,11}",0.50652707,vi,0.23788944,False,0.9508024,False,0.94921803,True,0.65694624,True,0.78851134,True,0.55918944,True,0.6455939,0,0.8867624,3,0.3211729,2,0.33794302
182,p0n189,72.0,29,1.0,A2,57,,0.88439476,C,0.8036107,D,0.82777786,major triad,0.74439263,0,0.90712553,A,0.9347309,A,0.9424133,5,0.8759193,2,0.7855828,True,0.8801637,"{1,4,9}",0.7012596,V,0.6664207,False,0.93853754,False,0.89994425,True,0.7059552,True,0.9454485,True,0.9124444,True,0.9122484,1,0.82797384,6,0.37603566,3,0.5103214
183,p0n190,72.0,29,1.0,A2,57,,0.88244104,C,0.80623025,D,0.8283234,major triad,0.7436964,0,0.90728194,A,0.9347668,A,0.94266963,5,0.8762891,2,0.7857053,True,0.88123924,"{1,4,9}",0.70063347,V,0.6665101,False,0.9386436,False,0.8989454,True,0.7109009,True,0.94439536,True,0.90827733,True,0.91130185,1,0.8284294,6,0.37500948,3,0.50667334
184,p0n188,72.0,29,0.5,C#4,73,,0.88552487,C,0.8073805,D,0.83216023,major triad,0.748012,0,0.9007578,A,0.934008,A,0.9437992,5,0.8785146,2,0.8043838,True,0.8966491,"{1,4,9}",0.69195455,V,0.66927403,False,0.9404407,False,0.9000023,True,0.7221595,True,0.9505605,False,0.93032724,False,0.9320061,1,0.82744944,#1,0.41752008,3,0.48343334
185,p0n191,72.5,29,0.5,C#4,73,,0.9186039,C,0.8445127,D,0.8268834,major triad,0.7935199,0,0.8967659,A,0.932702,A,0.9346029,5,0.8805138,2,0.84022194,False,0.9012442,"{1,4,9}",0.77149916,V,0.7531965,False,0.9504108,False,0.948386,True,0.58464265,True,0.92871964,False,0.934122,False,0.92625153,0,0.89260226,#1,0.41125104,3,0.5144859
186,p0n194,73.0,29,1.0,G2,55,,0.9201534,C,0.82606936,D,0.8775295,dominant seventh chord,0.89385116,3,0.79688895,A,0.9227166,G,0.69977933,5,0.90823174,2,0.8647534,True,0.6887221,"{1,4,7,9}",0.9049812,V7,0.9032343,False,0.9507357,False,0.9506,False,0.74929607,True,0.9006896,False,0.9400619,False,0.7717451,2,0.39104724,5,0.31902987,3,0.30334863
187,p0n193,73.0,29,1.0,A2,57,,0.9170216,C,0.83384305,D,0.88354605,dominant seventh chord,0.89241534,3,0.8453935,A,0.9318929,G,0.6906668,5,0.9076971,2,0.8781126,True,0.6327124,"{1,4,7,9}",0.90969944,V7,0.90087456,False,0.95057374,False,0.9511217,False,0.5353291,True,0.917681,True,0.92908275,False,0.89794147,2,0.38815403,6,0.45703846,2,0.27728266
188,p0n192,73.0,29,1.0,C#4,73,,0.9234031,C,0.830965,D,0.88566124,dominant seventh chord,0.8904517,3,0.84807533,A,0.92200845,G,0.7072186,5,0.9056388,2,0.8766647,True,0.6653156,"{1,4,7,9}",0.9052215,V7,0.8974834,False,0.9505417,False,0.94785845,False,0.57315636,True,0.9382431,False,0.91942686,False,0.90106213,2,0.39371613,#1,0.45327744,1,0.31783384
189,p0n197,74.0,29,0.5,F2,53,,0.92420363,C,0.8924797,C,0.79087615,minor triad,0.8729606,1,0.8705335,D,0.8883039,F,0.81679916,2,0.7723332,None,0.82631236,True,0.88339,"{2,5,9}",0.9149371,ii,0.71261555,False,0.95119405,False,0.9475336,True,0.65647805,True,0.9471262,False,0.9438511,True,0.85413784,3,0.37515572,4,0.7138518,3,0.4109456
190,p0n196,74.0,29,1.0,A2,57,,0.9208818,C,0.8963527,C,0.7968778,minor triad,0.8749569,1,0.8605956,D,0.8861607,F,0.8137967,2,0.79033285,None,0.8236463,True,0.8756688,"{2,5,9}",0.92211366,ii,0.74070114,False,0.95127386,False,0.9471511,True,0.66764694,True,0.9361965,False,0.92921835,False,0.5317699,3,0.3885237,6,0.38815087,3,0.45377272
191,p0n195,74.0,29,0.5,D4,74,,0.92198503,C,0.89774865,C,0.79993653,minor triad,0.87421495,1,0.86933875,D,0.8954374,F,0.8154665,2,0.8054165,None,0.83078617,True,0.86521626,"{2,5,9}",0.9201385,ii,0.75037956,False,0.95184314,False,0.9474696,True,0.80524033,True,0.8982596,True,0.9170523,False,0.91492444,2,0.38767448,2,0.7940447,3,0.4199466
192,p0n199,74.5,29,0.5,E2,52,,0.92291063,C,0.79850596,C,0.39684358,minor triad,0.7232784,0,0.4395767,D,0.6597173,F,0.27886477,2,0.50934076,None,0.62975156,False,0.90727544,"{2,5,9}",0.72324014,ii,0.5584716,False,0.95166236,False,0.9504145,False,0.57817054,False,0.5706233,False,0.8863979,False,0.7934942,0,0.8912857,3,0.3534695,3,0.50742674
193,p0n198,74.5,29,0.5,E4,76,,0.9230975,C,0.79458624,C,0.3861667,minor triad,0.7159137,0,0.4424493,D,0.6462028,F,0.2649288,2,0.5021277,None,0.6227938,False,0.9083754,"{2,5,9}",0.71225554,ii,0.5481387,False,0.95164996,False,0.9504153,False,0.5737314,False,0.5780391,False,0.8841242,False,0.7900824,0,0.8911879,3,0.3682667,3,0.5149392
194,p0n202,75.0,30,1.0,E2,52,,0.9284952,C,0.7942662,D,0.6945773,major triad,0.65621483,2,0.64635557,A,0.8200442,E,0.57199126,5,0.7869086,2,0.7630319,True,0.83273685,"{1,4,9}",0.3640557,V,0.45390892,False,0.9428764,False,0.94344807,False,0.6396262,True,0.9085465,False,0.85604554,True,0.5573672,1,0.8308051,3,0.3733734,3,0.5194877
195,p0n201,75.0,30,2.0,A2,57,,0.927886,C,0.80780476,D,0.68007755,major triad,0.64059687,2,0.6299613,A,0.8126583,E,0.5692161,5,0.7883124,2,0.7681696,True,0.841293,"{1,4,9}",0.37804058,V,0.44832546,False,0.94276977,False,0.9402861,True,0.6043974,True,0.89356387,True,0.6264547,False,0.88791263,1,0.8341051,6,0.6584734,3,0.40154648
196,p0n200,75.0,30,1.0,E4,76,,0.92922,C,0.8019783,D,0.69168985,major triad,0.6543393,2,0.63540316,A,0.82140064,E,0.5721464,5,0.7868483,2,0.7736326,True,0.83768076,"{1,4,9}",0.36543295,V,0.4542244,False,0.9429423,False,0.9436821,False,0.6451152,True,0.9057866,False,0.88378084,False,0.5988912,1,0.8323218,3,0.45883465,3,0.5123166
197,p0n204,76.0,30,1.0,D2,50,,0.9101194,C,0.901755,C,0.74442077,minor triad,0.906236,0,0.9266249,D,0.9449614,D,0.9329363,2,0.8350047,None,0.8338471,True,0.9008766,"{2,5,9}",0.9234619,ii,0.80703187,False,0.94856834,False,0.91987354,True,0.7185077,True,0.94498116,True,0.94268787,True,0.9432058,3,0.41042164,2,0.9078173,3,0.50280875
198,p0n203,76.0,30,1.0,F4,77,,0.90698045,C,0.90448236,C,0.7484704,minor triad,0.9058919,0,0.9241026,D,0.9462639,D,0.93461394,2,0.83300483,None,0.84027463,True,0.8904604,"{2,5,9}",0.9245489,ii,0.79243416,False,0.9487006,False,0.92403024,True,0.6240311,True,0.9431733,False,0.94225097,False,0.94877195,3,0.40193227,4,0.567585,3,0.4479491
199,p0n207,77.0,30,0.5,D2,50,,0.93679935,C,0.92247415,C,0.829436,minor triad,0.90958,0,0.92356724,D,0.94538987,D,0.9342383,2,0.87229764,None,0.8474964,False,0.8343191,"{2,5,9}",0.93793714,ii,0.83321816,False,0.9482283,False,0.93805367,True,0.7071418,True,0.94945264,True,0.94205743,True,0.939294,2,0.42618257,2,0.91983527,3,0.51405114
200,p0n206,77.0,30,1.0,A2,57,,0.9311795,C,0.92362756,C,0.8339273,minor triad,0.9092853,0,0.9186788,D,0.9452871,D,0.93445486,2,0.86875707,None,0.84826714,False,0.8606574,"{2,5,9}",0.9406491,ii,0.8218866,False,0.9489001,False,0.94300133,True,0.5916654,True,0.93791264,False,0.93878037,False,0.94841754,2,0.4367356,6,0.509997,3,0.50232875
201,p0n205,77.0,30,0.5,F4,77,,0.9291746,C,0.9242445,C,0.83802813,minor triad,0.90942615,0,0.9216533,D,0.9464227,D,0.93667346,2,0.87091213,None,0.8516399,False,0.8357345,"{2,5,9}",0.9377191,ii,0.8163752,False,0.9488257,False,0.9399239,True,0.59978914,True,0.94020325,False,0.9438458,False,0.9461621,2,0.43633944,4,0.6111169,3,0.4445476
202,p0n209,77.5,30,0.5,F2,53,,0.9248402,C,0.9304435,C,0.8845765,minor triad,0.911236,0,0.8829443,D,0.94595087,D,0.89680785,2,0.8982333,None,0.86197776,False,0.9352573,"{2,5,9}",0.94840735,ii,0.8699005,False,0.9520401,False,0.95027924,True,0.5560515,True,0.9436961,False,0.9487005,False,0.9221792,0,0.8932348,4,0.672683,3,0.37206286
203,p0n208,77.5,30,0.5,D4,74,,0.9244245,C,0.93081623,C,0.8841043,minor triad,0.9120394,0,0.88332963,D,0.94578034,D,0.8913906,2,0.9026764,None,0.8625133,False,0.9315639,"{2,5,9}",0.9500261,ii,0.8812381,False,0.9516779,False,0.94804305,True,0.6460821,True,0.95178515,True,0.9360138,True,0.9261987,0,0.8926508,2,0.93877417,3,0.44133472
204,p0n211,78.0,31,1.0,G2,55,,0.7715023,C,0.91512233,C,0.92746735,major triad,0.84228724,0,0.92748564,G,0.9196676,G,0.93965,5,0.89564896,None,0.9159332,True,0.9268748,"{2,7,11}",0.7926826,V,0.85458785,False,0.94679856,False,0.7807091,True,0.8236567,True,0.9581014,True,0.94273335,True,0.93847305,1,0.85272324,5,0.9384171,2,0.34011322
205,p0n212,78.0,31,1.0,G2,55,,0.7706829,C,0.91499996,C,0.9282617,major triad,0.8386892,0,0.9271393,G,0.9196169,G,0.9395555,5,0.89571697,None,0.91660994,True,0.92782634,"{2,7,11}",0.7841834,V,0.8515896,False,0.94702303,False,0.7787653,True,0.8307328,True,0.95836574,True,0.94271415,True,0.93858653,1,0.85366887,5,0.939138,2,0.34179366
206,p0n210,78.0,31,1.0,B3,71,,0.7082867,C,0.91569245,C,0.92966044,major triad,0.8435942,0,0.92167515,G,0.92056507,G,0.9387367,5,0.8948385,None,0.9219582,True,0.9308481,"{2,7,11}",0.7796553,V,0.8486889,False,0.94633484,False,0.75431615,True,0.80656797,True,0.9462189,False,0.95951074,False,0.9531176,1,0.8533397,7,0.9309319,2,0.3737875
207,p0n215,79.0,31,1.0,F2,53,,0.9223428,C,0.9234446,C,0.93956804,dominant seventh chord,0.8814774,3,0.8351917,G,0.9133989,F,0.88610435,5,0.9147548,None,0.9363357,True,0.8310395,"{2,5,7,11}",0.9101523,V7,0.8932868,False,0.95133936,False,0.94498944,False,0.65563065,True,0.93706024,False,0.9630672,True,0.79563236,2,0.37845546,4,0.8692089,3,0.3675682
208,p0n214,79.0,31,1.0,G2,55,,0.9196104,C,0.921433,C,0.938278,dominant seventh chord,0.88198805,3,0.8422491,G,0.91469413,F,0.8887541,5,0.9122581,None,0.93693745,True,0.8090456,"{2,5,7,11}",0.9123964,V7,0.89071983,False,0.95111185,False,0.94635,False,0.5114353,True,0.94503397,True,0.95594186,False,0.9003916,2,0.38014802,5,0.9253596,2,0.30463862
209,p0n213,79.0,31,1.0,B3,71,,0.9229873,C,0.9243639,C,0.9385915,dominant seventh chord,0.8795691,3,0.84890306,G,0.9123723,F,0.8870877,5,0.91325295,None,0.93641806,True,0.8295391,"{2,5,7,11}",0.91413176,V7,0.8895468,False,0.9512805,False,0.9444324,False,0.68733907,True,0.9655316,False,0.9536718,False,0.9359007,2,0.3808592,7,0.90654325,2,0.327895
210,p0n218,80.0,31,0.5,E2,52,,0.93037874,C,0.9208169,C,0.93547916,major triad,0.91992307,1,0.9041291,C,0.91769445,E,0.8941887,1,0.901296,None,0.8996056,True,0.89740145,"{0,4,7}",0.94912887,I,0.9036288,False,0.9488222,False,0.9449942,False,0.63458055,True,0.9463332,False,0.9687928,True,0.9113425,3,0.3546521,3,0.9649757,2,0.32639477
211,p0n217,80.0,31,1.0,G2,55,,0.92899454,C,0.92061055,C,0.93549925,major triad,0.9203862,1,0.9052526,C,0.9170662,E,0.8974695,1,0.9039718,None,0.9029461,True,0.88720685,"{0,4,7}",0.9460202,I,0.9081582,False,0.9481732,False,0.94526416,False,0.69775194,True,0.9529231,False,0.94493103,False,0.92842656,3,0.3573824,5,0.9489422,2,0.40855885
212,p0n216,80.0,31,0.5,C4,72,,0.9281965,C,0.9195037,C,0.93627006,major triad,0.9169844,1,0.90787154,C,0.91688305,E,0.8926254,1,0.9025083,None,0.89795756,True,0.89160454,"{0,4,7}",0.94677174,I,0.9067866,False,0.9493336,False,0.94383484,False,0.5140995,True,0.95431846,True,0.9565424,False,0.92430186,3,0.35979822,1,0.95275766,1,0.33551258
213,p0n220,80.5,31,0.5,D2,50,,0.9313621,C,0.9207451,C,0.9268546,major triad,0.8912613,1,0.83139265,C,0.87050235,E,0.8370368,1,0.8318752,None,0.8913298,False,0.89620847,"{0,4,7}",0.9010192,I,0.86172944,False,0.95000845,False,0.95267075,False,0.7341336,False,0.87088513,False,0.9232535,False,0.9100791,0,0.8918592,2,0.6971639,2,0.3295261
214,p0n219,80.5,31,0.5,D4,74,,0.93124825,C,0.9205847,C,0.9266121,major triad,0.8915224,1,0.8322879,C,0.8705679,E,0.83669317,1,0.83205277,None,0.8914909,False,0.89529574,"{0,4,7}",0.90038633,I,0.8622282,False,0.9500525,False,0.95266026,False,0.7374101,False,0.8616831,False,0.92191094,False,0.9115727,0,0.8918778,2,0.6519953,2,0.3249381
215,p0n223,81.0,32,1.0,D2,50,,0.92156297,C,0.92694956,C,0.9225911,major triad,0.6332652,2,0.4891465,G,0.82712895,D,0.64659995,5,0.7787957,None,0.90094775,True,0.8346126,"{2,7,11}",0.4945025,V,0.4998972,False,0.944021,False,0.93535167,False,0.6276883,True,0.911403,False,0.8137662,True,0.6423496,1,0.83363515,2,0.8462139,3,0.4453003
216,p0n222,81.0,32,2.0,G2,55,,0.91627073,C,0.9264612,C,0.92311925,major triad,0.6268574,2,0.4837458,G,0.8276223,D,0.65216726,5,0.77626,None,0.9028263,True,0.8450316,"{2,7,11}",0.49201757,V,0.4946146,False,0.94431776,False,0.9343314,True,0.5420119,True,0.89038527,True,0.6529339,False,0.8494614,1,0.84271395,5,0.91476476,3,0.41427705
217,p0n221,81.0,32,1.0,D4,74,,0.91997325,C,0.9272759,C,0.9232306,major triad,0.6448694,2,0.48568934,G,0.8316163,D,0.64889216,5,0.7837198,None,0.9026127,True,0.8379352,"{2,7,11}",0.50618905,V,0.5119058,False,0.94423497,False,0.9356118,False,0.6549597,True,0.90984815,False,0.90176123,False,0.66471744,1,0.83551604,2,0.868427,3,0.4232165
218,p0n225,82.0,32,1.0,C2,48,,0.86880875,C,0.92199504,C,0.9408604,major triad,0.90385824,0,0.92550206,C,0.91701597,C,0.90369016,1,0.91160804,None,0.89970535,True,0.8309877,"{0,4,7}",0.93944764,I,0.91066474,False,0.9463998,False,0.90337175,True,0.62957984,True,0.9467465,True,0.9533001,True,0.921079,3,0.35647935,1,0.9430329,2,0.4417426
219,p0n224,82.0,32,1.0,E4,76,,0.8664299,C,0.92336667,C,0.9414795,major triad,0.9080458,0,0.9185931,C,0.9171355,C,0.90595686,1,0.9115054,None,0.90120816,True,0.8380635,"{0,4,7}",0.9392295,I,0.9088877,False,0.9469323,False,0.9074539,False,0.52353895,True,0.94672424,False,0.96270156,False,0.9330325,2,0.35695037,3,0.96054536,2,0.5038293
220,p0n227,83.0,32,0.25,F3,65,,0.922892,C,0.9263717,C,0.93498534,major triad,0.639914,0,0.5946958,F,0.50793636,F,0.7022246,4,0.6600544,None,0.88861525,True,0.79745114,"{0,5,9}",0.5569306,IV,0.60543543,False,0.95110595,False,0.9437788,False,0.51995534,True,0.71781534,False,0.51399726,True,0.51703256,2,0.36419132,4,0.71949387,2,0.3956288
221,p0n226,83.0,32,0.25,A4,81,,0.92065006,C,0.9280068,C,0.931975,major triad,0.6421102,0,0.5915266,F,0.5156249,F,0.72457916,4,0.67413753,None,0.890045,True,0.7945643,"{0,5,9}",0.5837807,IV,0.62002605,False,0.95079774,False,0.94187677,True,0.5100552,True,0.8310478,False,0.9239117,False,0.87113297,2,0.3637984,6,0.9095979,2,0.5370088
222,p0n230,83.25,32,0.25,E3,64,,0.9257013,C,0.92860836,C,0.9338249,major triad,0.6235447,0,0.61875623,F,0.48515022,F,0.75914794,4,0.6346523,None,0.8910935,False,0.89633495,"{0,5,9}",0.5335834,IV,0.5844299,False,0.95057094,False,0.94954014,False,0.5328141,False,0.6832042,False,0.90389115,False,0.89014244,0,0.8932833,6,0.28197914,2,0.44419202
223,p0n229,83.25,32,0.25,G4,79,,0.92621785,C,0.928083,C,0.9338422,major triad,0.6193386,0,0.61833775,F,0.4809206,F,0.7519014,4,0.6243207,None,0.8902211,False,0.8984998,"{0,5,9}",0.5247364,IV,0.57768774,False,0.9503951,False,0.9494834,False,0.5759734,False,0.64206856,False,0.85036445,False,0.84382284,0,0.89288944,5,0.51105934,2,0.3568787
224,p0n232,83.5,32,0.25,D3,62,,0.9263854,C,0.92839813,C,0.9310421,major triad,0.37873912,0,0.51725245,D,0.55666286,F,0.6924236,2,0.5001451,None,0.8911096,False,0.8431463,"{2,5,9}",0.41685322,ii,0.39945242,False,0.95032275,False,0.9487815,True,0.5219043,True,0.58150023,False,0.70770305,False,0.77243763,0,0.89192307,6,0.26048553,2,0.40410224
225,p0n231,83.5,32,0.25,F4,77,,0.92745376,C,0.92746866,C,0.93180054,major triad,0.37389234,0,0.5172506,D,0.5577632,F,0.6888543,2,0.5026905,None,0.8914138,False,0.8506173,"{2,5,9}",0.4240449,ii,0.3987391,False,0.9502099,False,0.94894636,False,0.5464466,True,0.60286826,False,0.8644381,False,0.7512871,0,0.89209735,1,0.49634525,0,0.37147906
226,p0n234,83.75,32,0.25,C3,60,,0.9254553,C,0.9249125,C,0.929425,major triad,0.3948162,0,0.5276793,D,0.45298386,F,0.5298885,2,0.40010172,None,0.90020585,False,0.9000353,"{2,5,9}",0.29989016,ii,0.39340413,False,0.9499313,False,0.94946784,True,0.50589687,False,0.58964646,False,0.7810976,False,0.7843685,0,0.8914396,5,0.4126771,0,0.41615352
227,p0n233,83.75,32,0.25,E4,76,,0.9244797,C,0.9265652,C,0.9277683,major triad,0.3953211,0,0.52339643,D,0.45803687,F,0.5410453,2,0.3931892,None,0.90019214,False,0.8948625,"{2,5,9}",0.29925597,ii,0.39195737,False,0.95014256,False,0.9489061,True,0.5222103,False,0.646686,False,0.8615897,False,0.87094754,0,0.89168966,3,0.38213342,2,0.37351328
228,p0n236,84.0,33,2.0,B2,59,,0.92312706,C,0.9300594,C,0.92900616,major triad,0.39196986,1,0.7005541,G,0.78921485,B,0.91601163,5,0.6760147,None,0.9100332,True,0.8899959,"{2,7,11}",0.51506585,V,0.46966282,False,0.94118536,False,0.9381267,True,0.6662178,True,0.9363989,False,0.7741801,True,0.8900631,1,0.82143545,7,0.95361274,3,0.37891737
229,p0n235,84.0,33,1.0,D4,74,,0.91790015,C,0.92992944,C,0.92870915,major triad,0.40627214,1,0.7062464,G,0.79354477,B,0.9211516,5,0.67277557,None,0.9061155,True,0.885185,"{2,7,11}",0.5180927,V,0.4702706,False,0.9408713,False,0.9380816,True,0.58932537,True,0.9370626,False,0.94441134,False,0.9371098,1,0.82468075,2,0.85275674,3,0.38883403
230,p0n237,85.0,33,1.0,D5,86,,0.92023104,C,0.92965615,C,0.92811316,major triad,0.65877354,1,0.82107806,G,0.8778042,B,0.9111114,5,0.8444752,None,0.9105869,False,0.69059956,"{2,7,11}",0.6371523,V,0.62593955,False,0.9475893,False,0.9483471,False,0.5343805,True,0.9306574,False,0.9446936,False,0.92967427,2,0.45133787,2,0.8523939,3,0.3901994
231,p0n239,86.0,33,0.25,E3,64,,0.912628,C,0.9232969,C,0.93111867,major triad,0.8372635,1,0.61942154,C,0.7561628,E,0.53050584,1,0.7942888,None,0.8968911,True,0.7737731,"{0,4,7}",0.82255596,I,0.8181191,False,0.9469287,False,0.9337923,False,0.54171544,True,0.66626966,False,0.93078893,False,0.5787829,1,0.3638102,3,0.7704122,3,0.36048988
232,p0n238,86.0,33,0.25,G4,79,,0.91001093,C,0.92241144,C,0.93043125,major triad,0.83441705,1,0.6177815,C,0.75356144,E,0.5268024,1,0.7888177,None,0.89810336,True,0.77184296,"{0,4,7}",0.8207235,I,0.81839246,False,0.94606704,False,0.9330965,False,0.5757909,True,0.91916573,False,0.7685591,False,0.7299053,1,0.36476523,5,0.7710738,3,0.42845052
233,p0n241,86.25,33,0.25,D3,62,,0.9299556,C,0.922953,C,0.9337953,major triad,0.87623537,1,0.6530954,C,0.8540847,E,0.6840563,1,0.84926,None,0.8974238,False,0.9191339,"{0,4,7}",0.88142186,I,0.87499624,False,0.9499796,False,0.9517746,False,0.7180037,False,0.8820624,False,0.9339523,False,0.9051504,0,0.89137,2,0.5935845,2,0.34083623
234,p0n240,86.25,33,0.25,F4,77,,0.9286341,C,0.9207268,C,0.93497586,major triad,0.87463063,1,0.67136526,C,0.85772306,E,0.6915458,1,0.8511891,None,0.8984865,False,0.9239416,"{0,4,7}",0.8819788,I,0.88351357,False,0.95000285,False,0.95215315,False,0.7061671,False,0.8696716,False,0.9188456,False,0.92295825,0,0.89181364,4,0.6460569,2,0.33834454
235,p0n243,86.5,33,0.25,C3,60,,0.9274213,C,0.9223351,C,0.93736774,major triad,0.8965058,1,0.5516124,C,0.9081856,E,0.50865436,1,0.89461535,None,0.90036625,False,0.87161887,"{0,4,7}",0.9240642,I,0.9071571,False,0.95010716,False,0.94946414,False,0.5511068,True,0.9343608,True,0.90221953,False,0.5476547,0,0.89137393,1,0.93568087,3,0.2860202
236,p0n242,86.5,33,0.25,E4,76,,0.929114,C,0.92413384,C,0.93699366,major triad,0.9024491,1,0.53960085,C,0.91077673,E,0.4855935,1,0.89715254,None,0.9025588,False,0.86510843,"{0,4,7}",0.9282448,I,0.9089978,False,0.95069546,False,0.94983023,False,0.66323245,True,0.92726994,False,0.9546633,True,0.52773905,0,0.8920541,3,0.94144136,3,0.31799352
237,p0n245,86.75,33,0.25,B2,59,,0.92881453,C,0.9267552,C,0.9313372,major triad,0.85610443,0,0.47376618,C,0.8688614,E,0.47034872,1,0.8447528,None,0.8962642,False,0.9046582,"{0,4,7}",0.8719423,I,0.86383486,False,0.9502425,False,0.9510517,False,0.6860603,False,0.82956666,False,0.93515545,False,0.87815267,0,0.89076054,7,0.44682288,3,0.35430813
238,p0n244,86.75,33,0.25,D4,74,,0.9286597,C,0.9263254,C,0.9309371,major triad,0.8589142,0,0.46161464,C,0.873495,E,0.47295094,1,0.8480637,None,0.89815867,False,0.9087794,"{0,4,7}",0.872656,I,0.8683852,False,0.95027393,False,0.95123243,False,0.7251772,False,0.7992118,False,0.9258171,False,0.90880436,0,0.89127076,2,0.5281684,2,0.37260568
239,p0n247,87.0,34,2.0,A2,57,,0.9291641,C,0.9287049,C,0.9291422,minor triad,0.9054169,0,0.92684245,A,0.91070324,A,0.9166402,6,0.93938315,None,0.8631498,True,0.9342096,"{0,4,9}",0.93888766,vi,0.94055367,False,0.9449573,False,0.9415257,True,0.6927758,True,0.92739606,True,0.9342486,True,0.94831836,1,0.8266363,6,0.97901356,2,0.40510398
240,p0n246,87.0,34,1.0,C4,72,,0.9224935,C,0.92833173,C,0.9314804,minor triad,0.90404236,0,0.9291682,A,0.9118492,A,0.9194995,6,0.9422294,None,0.8709284,True,0.93493664,"{0,4,9}",0.936633,vi,0.94184095,False,0.9453521,False,0.940955,False,0.50250715,True,0.94817644,False,0.9423241,False,0.95472175,1,0.8346406,1,0.9112887,2,0.50133306
241,p0n248,88.0,34,1.0,C5,84,,0.9200526,C,0.92969114,C,0.9333726,minor triad,0.89368707,0,0.93022776,A,0.8985125,A,0.9226801,6,0.9232688,None,0.8754381,False,0.83460456,"{0,4,9}",0.92648023,vi,0.93358463,False,0.94987035,False,0.9514837,False,0.5890138,True,0.9418874,False,0.93964946,False,0.9472136,2,0.48274708,1,0.8533435,2,0.45203447
242,p0n250,89.0,34,1.0,E2,52,,0.9262233,C,0.9303738,C,0.93415135,major triad,0.8909785,1,0.8412875,C,0.9046206,E,0.9131272,1,0.8536717,None,0.89477915,True,0.9188987,"{0,4,7}",0.91769683,I,0.8656584,False,0.9465614,False,0.9258327,False,0.5574375,True,0.94090515,False,0.9420615,True,0.91824824,1,0.5369699,3,0.9534647,2,0.3469353
243,p0n249,89.0,34,0.25,G4,79,,0.9163501,C,0.92909455,C,0.93429023,major triad,0.8908408,1,0.84565836,C,0.9037607,E,0.9150342,1,0.8615751,None,0.8972563,True,0.92403156,"{0,4,7}",0.9118527,I,0.8761811,False,0.94639885,False,0.9266441,False,0.6254363,True,0.9483369,False,0.93686795,False,0.9295788,1,0.54205775,5,0.94338894,2,0.4525128
244,p0n251,89.25,34,0.25,E4,76,,0.93257976,C,0.92850614,C,0.9373128,major triad,0.90379786,1,0.85008466,C,0.9142079,E,0.9084067,1,0.8775203,None,0.8996364,False,0.9019017,"{0,4,7}",0.9264091,I,0.88284695,False,0.9501501,False,0.95159435,False,0.66363806,True,0.9435323,False,0.9572463,True,0.89317304,0,0.89257586,3,0.95662594,1,0.4560104
245,p0n252,89.5,34,0.25,D4,74,,0.929644,C,0.9262288,C,0.94092625,major triad,0.90641826,1,0.8999622,C,0.91912764,E,0.9125336,1,0.90109676,None,0.90134966,False,0.94418025,"{0,4,7}",0.93258667,I,0.912543,False,0.9498916,False,0.9534292,False,0.7462686,False,0.942367,False,0.9529673,False,0.9453923,0,0.8943658,2,0.6416837,2,0.31733653
246,p0n253,89.75,34,0.25,C4,72,,0.9290288,C,0.9251659,C,0.94049627,major triad,0.9183058,1,0.9121491,C,0.91973656,E,0.9170839,1,0.9067647,None,0.9008905,False,0.9283495,"{0,4,7}",0.9394339,I,0.9137078,False,0.9500162,False,0.9518583,False,0.5918351,True,0.9579563,True,0.9577484,False,0.9340622,0,0.89378285,1,0.9572287,1,0.38946736
247,p0n255,90.0,35,1.0,F2,53,,0.92861414,C,0.92432266,C,0.9464787,major triad,0.8368936,0,0.8795312,F,0.85875267,F,0.9045119,4,0.87031865,None,0.8903793,True,0.9567284,"{0,5,9}",0.8012538,IV,0.86801165,False,0.94594544,False,0.9337769,True,0.51793164,True,0.94548386,True,0.88749254,True,0.9449996,1,0.7973016,4,0.9741591,2,0.52356917
248,p0n254,90.0,35,1.0,A4,81,,0.9203745,C,0.92587173,C,0.94542366,major triad,0.83524704,0,0.86226696,F,0.8466991,F,0.9071322,4,0.8736973,None,0.8961243,True,0.95534116,"{0,5,9}",0.813248,IV,0.85485375,False,0.946732,False,0.9358914,False,0.5091697,True,0.94740903,False,0.94599193,False,0.94118893,1,0.79662913,6,0.96532536,2,0.622867
249,p0n257,91.0,35,1.0,G2,55,,0.8667809,C,0.9242518,C,0.9273907,major triad,0.8679003,0,0.9197716,G,0.91560316,G,0.9254918,5,0.89734864,None,0.92122,True,0.9257009,"{2,7,11}",0.7129658,V,0.66782594,False,0.950778,False,0.88107216,True,0.78344655,True,0.94657487,True,0.9318081,True,0.92392266,2,0.4276079,5,0.9293204,0,0.31454027
250,p0n256,91.0,35,1.0,G4,79,,0.86375695,C,0.9238878,C,0.9269469,major triad,0.8669428,0,0.9187351,G,0.9152566,G,0.92579806,5,0.8974358,None,0.9210877,True,0.9248931,"{2,7,11}",0.71222794,V,0.66859424,False,0.9508532,False,0.8787318,True,0.7967929,True,0.9480967,True,0.91628855,True,0.92288727,2,0.43045336,5,0.91933316,0,0.3133079
251,p0n259,92.0,35,1.0,G1,43,,0.8443387,C,0.92527866,C,0.9341667,major triad,0.8391703,0,0.9286947,G,0.91434354,G,0.9463149,5,0.90714663,None,0.91495264,True,0.8246889,"{2,7,11}",0.82077116,V,0.8599974,False,0.9478867,False,0.8910579,True,0.81624216,True,0.9560235,True,0.95244133,True,0.9398227,3,0.3859081,5,0.9483574,2,0.31643575
252,p0n258,92.0,35,1.0,B3,71,,0.8135486,C,0.92614037,C,0.9349263,major triad,0.8414563,0,0.922847,G,0.9150284,G,0.9463758,5,0.90627486,None,0.915409,True,0.81185645,"{2,7,11}",0.8176224,V,0.8582886,False,0.9487622,False,0.8803031,True,0.7860072,True,0.9492573,False,0.9641048,False,0.95197463,3,0.37957075,7,0.9423709,2,0.36450526
253,p0n261,93.0,36,2.0,C2,48,PAC,0.75650203,C,0.9111726,C,0.9437889,major triad,0.9141777,0,0.9295023,C,0.8920523,C,0.91688937,1,0.92849946,None,0.90806705,True,0.9483996,"{0,4,7}",0.94440186,I,0.93878716,False,0.9474934,True,0.82547814,True,0.78085816,True,0.9569854,True,0.95361894,True,0.94092405,1,0.85998785,1,0.9370449,2,0.49735498
254,p0n260,93.0,36,1.0,D4,74,,0.402007,C,0.9120727,C,0.9434969,major triad,0.91044086,0,0.9271951,C,0.8981046,C,0.9129224,1,0.92556554,None,0.9076895,True,0.9518167,"{0,4,7}",0.93974906,I,0.93760335,False,0.94371307,True,0.7395181,True,0.69033086,False,0.88819516,False,0.9573078,False,0.9517954,1,0.8630008,2,0.814353,2,0.503192
255,p0n262,94.0,36,1.0,C4,72,,0.6213361,C,0.9110355,C,0.94257814,major triad,0.9130735,0,0.92733496,C,0.89306724,C,0.91016334,1,0.92779094,None,0.9111411,False,0.8191831,"{0,4,7}",0.94235396,I,0.9380608,False,0.9489063,False,0.7575784,True,0.7843902,True,0.95624024,True,0.9543342,True,0.9332233,2,0.490026,1,0.9458324,2,0.39423633
